id,name,type,flag
520,3821 Broadway Cafe LLC,1,1
323,ABC Beer Co.,1,1
197,Alleycats Entertainment,1,1
474,Aloha Hospitality,1,1
439,Applebee's-Apple Gilroy,1,1
493,Applebee's-Doherty Enterprises,1,1
505,Artisanl Brewing - Southern Tier ,1,1
451,Artisinal Brewing - Victory Brewing ,1,1
120,Barracuda Bar and Grill,1,1
467,Beau Jo's Colorado Pizza,1,1
307,Beer Authority,1,1
295,Beverage Net Brazil,1,1
277,Beverage Net Europe Limited,1,1
468,BJ's Billing,1,1
445,BJ's Brewhouse,1,1
453,BJS-ARKS,1,1
454,BJS-CO,1,1
455,BJS-ET,1,1
456,BJS-GRILL,1,1
466,BJS-JBWW,1,1
516,BJS-LA,1,1
457,BJS-MW,1,1
508,BJS-NM,1,1
458,BJS-NORCAL,1,1
459,BJS-NW,1,1
460,BJS-OK,1,1
461,BJS-SOCAL,1,1
462,BJS-SOET,1,1
463,BJS-TX,1,1
464,BJS-WT_LG,1,1
431,Boiler Brewing Company,1,1
335,Braselton Fine Foods,1,1
492,Brass Tap - Colorado Taps,1,1
254,Brass Tap - SFBT1 LLC,1,1
484,Bubba's 33,1,1
128,"Buffalo Wild Wings, Inc.",1,1
340,BWW-ALDERSON01,1,1
341,BWW-ANDERSON01,1,1
342,BWW-ANDREWS01,1,1
343,BWW-ANSLEY01,1,1
344,BWW-ANSLEY02,1,1
345,BWW-ARNETT01,1,1
347,BWW-BANTA01,1,1
348,BWW-BARBOUR01,1,1
349,BWW-BARNETT01,1,1
350,BWW-BENNE01,1,1
351,BWW-BLEY01,1,1
352,BWW-BOGOEVSKI01,1,1
234,BWW-BROWN01,1,1
353,BWW-BRUNO01,1,1
354,BWW-CARABELL01,1,1
355,BWW-CARROLL01,1,1
356,BWW-CEKANDER01,1,1
357,BWW-CORP,1,1
358,BWW-DEKANTER01,1,1
359,BWW-DRAGAS10,1,1
361,BWW-FRALICH01,1,1
362,BWW-FRANKLIN01,1,1
363,BWW-FREDERICK01,1,1
364,BWW-GANSE01,1,1
366,BWW-GREEN01,1,1
367,BWW-GRUBE01,1,1
368,BWW-HARRIS01,1,1
369,BWW-HERSLIP01,1,1
370,BWW-HOLDERBECKER01,1,1
373,BWW-HOWARD01,1,1
374,BWW-HUNT02,1,1
203,BWW-HUTCHINSON01,1,1
376,BWW-JAMES05,1,1
377,BWW-JONES01,1,1
202,BWW-JORDAN01,1,1
379,BWW-LAHAISE01,1,1
380,BWW-LYNN03,1,1
382,BWW-MANGAS01,1,1
339,BWW-MASTRO01,1,1
273,BWW-MATHESON01,1,1
383,BWW-MAYL01,1,1
317,BWW-MEHIEL01,1,1
523,BWW-MEHRA01,1,1
384,BWW-MILLER01,1,1
385,BWW-OHRE01,1,1
386,BWW-OLAUGHLIN01,1,1
387,BWW-OLEXA01,1,1
388,BWW-PANCAKE01,1,1
389,BWW-PATEL04,1,1
332,BWW-PATEL06,1,1
390,BWW-PHASE01,1,1
391,BWW-PICTOR01,1,1
392,BWW-PIPOLY01,1,1
200,BWW-PROKOS01,1,1
393,BWW-RENFRO01,1,1
394,BWW-RUTLEDGE01,1,1
396,BWW-SAMRA01,1,1
398,BWW-SCHMIDT02,1,1
239,BWW-SCHMIDT03,1,1
399,BWW-SENKAR01,1,1
400,BWW-SITARAM01,1,1
401,BWW-SNOW01,1,1
402,BWW-SPARKS01,1,1
403,BWW-STAUFFER01,1,1
404,BWW-STORY01,1,1
405,BWW-SULLIVAN01,1,1
406,BWW-TABOR01,1,1
407,BWW-THEISS01,1,1
306,BWW-TIPTON01,1,1
408,BWW-TITUS01,1,1
420,BWW-TRAINING01,1,1
409,BWW-VALERA01,1,1
66,BWW-WARD01,1,1
410,BWW-WEILER01,1,1
411,BWW-WEILER02,1,1
412,BWW-WEILER03,1,1
413,BWW-WINFIELD01,1,1
246,BWW-WOESSNER01,1,1
414,BWW-WOMAC01,1,1
415,BWW-YASKOWITZ01,1,1
416,BWW-ZAHRATKA01,1,1
417,BWW-ZELLMER01,1,1
320,Capitol Pub,1,1
81,Cask N Flagon,1,1
337,Cedars Eatery,1,1
316,Cellar Tavern,1,1
312,Chris Moore Group,1,1
250,Click's,1,1
280,Coleman's Authentic Irish Pub,1,1
487,Commonwealth Joe,1,1
62,Copper Top Tavern,1,1
123,Delaware North,2,1
321,District Tap House,1,1
328,Doryman Pub and Grill,1,1
182,"Draught Solutions, Inc.",1,1
425,Eli Zabar,1,1
48,Empire Brewing Company,1,1
482,Firefly's BBQ,1,1
115,Four Corners Tavern Group,1,1
490,Four Points Kingston,1,1
440,Glory Days Grill,1,1
338,Golden X Inn,1,1
261,Good Buddy's Pub,1,1
521,Goofy's Bar and Grill,1,1
324,"Grass Roots Grill, Inc.",1,1
333,Hayter's & Co,1,1
430,Hogshead Tavern,1,1
247,HOOTERS-HOA-CENTRAL DIV,1,1
241,HOOTERS-HOA-EAST DIV,1,1
432,HOOTERS-HOA-GULF COAST,1,1
54,HOOTERS-HOA-NORTH TX DIV,1,1
243,HOOTERS-HOA-SOUTH DIV,1,1
318,HOOTERS-OWL MGMT,1,1
443,Hub City Brewhouse,1,1
421,Ice Sports Forum,1,1
284,Ithaca Ale House,1,1
326,Jacob Wirth,1,1
283,Jake Hafner's Rest and Tavern,1,1
446,"JBD Texas, LLC",1,1
504,Jeremiah's Tavern,1,1
422,KC Hopps,1,1
480,King's Biergarten and Restaurant,1,1
251,King's Table,1,1
2,Kitty Hoynes,1,1
519,Lagunitas Brewing Company,1,1
331,Lexington Brewhouse,1,1
469,Limp Lizard,1,1
507,"LTP Management, LLC",1,1
264,MacArthur Park Corporation,1,1
477,Magic Hat Brewing Company,1,1
509,Mellow Mushroom Corporate,1,1
511,Melt Bar and Grilled,1,1
292,Mugs Ale House,1,1
245,New Holland Brewing Company,1,1
248,Nibsy's Pub,1,1
100,Nine Thirty Four Inc.,1,1
158,Northside Group LLC,1,1
448,Oasis Lounge and Hookah Bar,1,1
124,Old Magoun's Saloon,1,1
479,Party Source Beer Company,1,1
103,PJ Ryans,1,1
207,PJ Whelihans,1,1
489,Pour My Beer,1,1
449,Sean's Stores,1,1
423,Shoney's,1,1
510,Sliders Grill & Bar,1,1
512,"Stone Brewing Co., LLC",1,1
205,Sundars Store,1,1
143,Superior Dining Group,1,1
309,Supply House,1,1
313,Tanner Smiths,1,1
279,Tap and Mallet,1,1
470,Tap into the MoST,1,1
72,The Bar and Grill,1,1
472,The Black Squirrel,1,1
515,The Greene Turtle - Turtle Time JRP2 LLC,1,1
327,The Grey Lodge,1,1
225,The Liquid Guardian,1,1
299,The Lower Deck,1,1
447,The Pub and Grill at Ave Maria,1,1
281,The Sailor Legendary Pub,1,1
314,Tide and Boar Gastro Pub,1,1
276,Timberline Lodge,1,1
491,Torch and Crown Brewing Company,1,1
428,TRATA,1,1
4,Tully's,1,1
436,Twin Peaks-Avalanche Food Group,1,1
517,Twin Peaks-AZ Peaks RG,1,1
518,Twin Peaks-Beachside Ski Lodge LLC,1,1
514,Twin Peaks-CNG Restaurants,1,1
481,Twin Peaks-DMD Restaurant Group,1,1
522,Twin Peaks-FloKel,1,1
483,Twin Peaks-La Cima,1,1
485,Twin Peaks-Lodge Ventures,1,1
488,Twin Peaks-Pirates Booty,1,1
494,Twin Peaks-Seven Valleys Mgmt,1,1
473,Twin Peaks-Twin Restaurant Holdings,1,1
191,Velasko Concepts,1,1
506,Whole Foods 365,1,1
176,Wild Goose,1,1
513,Wildcat Pizza Pub,1,1
486,Woodstock's Pizza,1,1
476,World of Beer-Corp,1,1
442,Your Fathers Moustache,1,1
