2019-02-11 15:41,"{
""company"": ""AUDI"",
""model"": ""A3"",
""s_year"": ""2001"",
""e_year"": ""2014"",
""mileage"": """",
""color"": [] ,
""kuzov"": ""8PBDBF"",
""rate"": [],
""countryCode"":""Abu Dhabi"",
""portCode"":""Abu Dhabi"",
""vessleCode"":""RORO VESSEL""
}",FOB        : 121860 ¥‎   1076 $  </br>C&F        : 198531 ¥‎   1753 $ </br>CIF        : 203531 ¥‎   1797 $ , 
2019-02-11 16:07,"{
""company"": ""AUDI"",
""model"": ""A3"",
""s_year"": ""2001"",
""e_year"": ""2014"",
""mileage"": ""0- 79000"",
""color"": [""black"", ""con"", ""grey"", ""red"", ""silver"", ""white""] ,
""kuzov"": ""8PBLR"",
""rate"": [""3.5"", ""4"", ""4.5"", ""r""],
""countryCode"":""Abu Dhabi"",
""portCode"":""Abu Dhabi"",
""vessleCode"":""RORO VESSEL""
}",FOB        : 175860 ¥‎   1552 $  </br>C&F        : 254164 ¥‎   2244 $ </br>CIF        : 259164 ¥‎   2288 $ , 
2019-02-11 16:07,"{
""company"": ""AUDI"",
""model"": ""A3"",
""s_year"": ""2001"",
""e_year"": ""2014"",
""mileage"": ""0- 79000"",
""color"": [""black"", ""con"", ""grey"", ""red"", ""silver"", ""white""] ,
""kuzov"": ""8PBLR"",
""rate"": [""3.5"", ""4"", ""4.5"", ""r""],
""countryCode"":""Abu Dhabi"",
""portCode"":""Abu Dhabi"",
""vessleCode"":""RORO VESSEL""
}",FOB        : 217000 ¥‎   1916 $  </br>C&F        : 295304 ¥‎   2607 $ </br>CIF        : 300304 ¥‎   2651 $ ,</br><strong>Average Price      : </strong>117000 ¥‎ </br><strong>Slab Rate          : </strong>100000 ¥‎</br><strong>Inspection Fee     : </strong>0 ¥‎</br><strong>LC Charge          : </strong>0 ¥‎</br><strong>Ocean Freight      : </strong>78304 ¥‎</br><strong>Miscellaneous Fee  : </strong>0 ¥‎ </br>
2019-02-20 16:25,"{
""company"": ""AUDI"",
""model"": ""A3"",
""s_year"": ""2000"",
""e_year"": ""2009"",
""mileage"": """",
""color"": [] ,
""kuzov"": ""8PBLX"",
""rate"": [],
""countryCode"":""Abu Dhabi"",
""portCode"":""Abu Dhabi"",
""vessleCode"":""RORO VESSEL""
}",FOB        : 93240 ¥‎   857 $  </br>C&F        : 171897 ¥‎   1580 $ </br>CIF        : 176897 ¥‎   1626 $ , 
2019-02-20 16:32,"{
""company"": ""AUDI"",
""model"": ""A3"",
""s_year"": ""2000"",
""e_year"": ""2007"",
""mileage"": """",
""color"": [] ,
""kuzov"": ""8PBLX"",
""rate"": [],
""countryCode"":""Abu Dhabi"",
""portCode"":""Abu Dhabi"",
""vessleCode"":""RORO VESSEL""
}",FOB        : 93240 ¥‎   857 $  </br>C&F        : 171897 ¥‎   1580 $ </br>CIF        : 176897 ¥‎   1626 $ , 
2019-02-20 16:39,"{
""company"": ""AUDI"",
""model"": ""A3"",
""s_year"": ""2000"",
""e_year"": ""2014"",
""mileage"": """",
""color"": [] ,
""kuzov"": ""8PBLX"",
""rate"": [],
""countryCode"":""Abu Dhabi"",
""portCode"":""Abu Dhabi"",
""vessleCode"":""RORO VESSEL""
}",FOB        : 93240 ¥‎   -46620 $  </br>C&F        : 95314 ¥‎   -47657 $ </br>CIF        : 100314 ¥‎   -50157 $ , 
2019-02-20 16:40,"{
""company"": ""AUDI"",
""model"": ""A3"",
""s_year"": ""2000"",
""e_year"": ""2014"",
""mileage"": """",
""color"": [] ,
""kuzov"": ""8PBLX"",
""rate"": [],
""countryCode"":""Abu Dhabi"",
""portCode"":""Abu Dhabi"",
""vessleCode"":""RORO VESSEL""
}",FOB        : 93240 ¥‎   857 $  </br>C&F        : 171897 ¥‎   1580 $ </br>CIF        : 176897 ¥‎   1626 $ , 
2019-02-20 17:01,"{
""company"": ""AUDI"",
""model"": ""A3"",
""s_year"": ""2000"",
""e_year"": ""2014"",
""mileage"": """",
""color"": [] ,
""kuzov"": ""8PBLX"",
""rate"": [],
""countryCode"":""Abu Dhabi"",
""portCode"":""Abu Dhabi"",
""vessleCode"":""RORO VESSEL""
}",FOB        : 93240 ¥‎   857 $  </br>C&F        : 171897 ¥‎   1580 $ </br>CIF        : 176897 ¥‎   1626 $ , 
2019-02-20 17:50,"{
""company"": ""AUDI"",
""model"": ""A3"",
""s_year"": ""2000"",
""e_year"": ""2014"",
""mileage"": """",
""color"": [] ,
""kuzov"": ""8PBLX"",
""rate"": [],
""countryCode"":""Malta"",
""portCode"":""Valletta"",
""vessleCode"":""RORO VESSEL""
}",FOB        : 105740 ¥‎   971 $  </br>C&F        :  - </br>CIF        :  - , 
2019-02-20 17:51,"{
""company"": ""AUDI"",
""model"": ""A3"",
""s_year"": ""2000"",
""e_year"": ""2014"",
""mileage"": """",
""color"": [] ,
""kuzov"": ""8PBLX"",
""rate"": [],
""countryCode"":""Malta"",
""portCode"":""Valletta"",
""vessleCode"":""RORO VESSEL""
}",FOB        : 110500 ¥‎   1015 $  </br>C&F        :  - </br>CIF        :  - ,</br><strong>Average Price      : </strong>40500 ¥‎ </br><strong>Slab Rate          : </strong>70000 ¥‎</br><strong>Inspection Fee     : </strong>Not Included</br><strong>LC Charge          : </strong>0 ¥‎</br><strong>Ocean Freight      : </strong>0 ¥‎</br><strong>Miscellaneous Fee  : </strong>0 ¥‎ </br>
2019-02-20 18:14,"{
""company"": ""AUDI"",
""model"": ""A3"",
""s_year"": ""2000"",
""e_year"": ""2014"",
""mileage"": """",
""color"": [] ,
""kuzov"": ""8PBLX"",
""rate"": [],
""countryCode"":""Abu Dhabi"",
""portCode"":""Abu Dhabi"",
""vessleCode"":""RORO VESSEL""
}",FOB        : 93240 ¥‎   857 $  </br>C&F        : 171904 ¥‎   1580 $ </br>CIF        : 176904 ¥‎   1626 $ , 
2019-02-21 12:54,"{
""company"": ""AUDI"",
""model"": ""A1"",
""s_year"": ""2011"",
""e_year"": ""2014"",
""mileage"": """",
""color"": [] ,
""kuzov"": ""8XCAX"",
""rate"": [],
""countryCode"":""Angola"",
""portCode"":""Luanda"",
""vessleCode"":""RORO VESSEL""
}",FOB        : 756900 ¥‎   6959 $  </br>C&F        : 1065807 ¥‎   9799 $ </br>CIF        : 1070807 ¥‎   9845 $ , 
2019-02-26 14:50,"{
""company"": ""ALFAROMEO"",
""model"": ""147"",
""s_year"": ""2002"",
""e_year"": ""2003"",
""mileage"": ""0- 98000"",
""color"": [] ,
""kuzov"": ""937AB"",
""rate"": [],
""countryCode"":""Abu Dhabi"",
""portCode"":""Abu Dhabi"",
""vessleCode"":""RORO VESSEL""
}",FOB        : 86760 ¥‎   797 $  </br>C&F        : 164143 ¥‎   1508 $ </br>CIF        : 169143 ¥‎   1554 $ , 
2019-02-26 14:50,"{
""company"": ""ALFAROMEO"",
""model"": ""147"",
""s_year"": ""2002"",
""e_year"": ""2003"",
""mileage"": ""0- 98000"",
""color"": [] ,
""kuzov"": ""937AB"",
""rate"": [],
""countryCode"":""Abu Dhabi"",
""portCode"":""Abu Dhabi"",
""vessleCode"":""RORO VESSEL""
}",FOB        : 86760 ¥‎   797 $  </br>C&F        : 164143 ¥‎   1508 $ </br>CIF        : 169143 ¥‎   1554 $ , 
2019-02-27 16:31,"{
""company"": ""AUDI"",
""model"": ""A3"",
""s_year"": ""2002"",
""e_year"": ""2009"",
""mileage"": """",
""color"": [] ,
""kuzov"": ""8PBLR"",
""rate"": [],
""countryCode"":""Bahamas"",
""portCode"":""Freeport"",
""vessleCode"":""RORO VESSEL""
}",FOB        : 169380 ¥‎   1562 $  </br>C&F        : 339432 ¥‎   3130 $ </br>CIF        : 344432 ¥‎   3176 $ , 
2019-02-27 17:12,"{
""company"": ""AUDI"",
""model"": ""A3"",
""s_year"": ""2002"",
""e_year"": ""2009"",
""mileage"": """",
""color"": [] ,
""kuzov"": ""8PBLR"",
""rate"": [],
""countryCode"":""Bahamas"",
""portCode"":""Freeport"",
""vessleCode"":""RORO VESSEL""
}",FOB        : 549556 ¥‎   5068 $  </br>C&F        : 719608 ¥‎   6636 $ </br>CIF        : 724608 ¥‎   6683 $ ,</br><strong>Average Price      : </strong>111000 ¥‎ </br><strong>Slab Rate          : </strong>100000 ¥‎</br><strong>Inspection Fee     : </strong>213123 ¥‎</br><strong>LC Charge          : </strong>2313 ¥‎</br><strong>Ocean Freight      : </strong>170052 ¥‎</br><strong>Miscellaneous Fee  : </strong>123120 ¥‎ </br>
2019-02-27 17:21,"{
""company"": ""AUDI"",
""model"": ""A3"",
""s_year"": ""2002"",
""e_year"": ""2009"",
""mileage"": """",
""color"": [] ,
""kuzov"": ""8PBLR"",
""rate"": [],
""countryCode"":""Bahamas"",
""portCode"":""Freeport"",
""vessleCode"":""RORO VESSEL""
}",FOB        : 178020 ¥‎   1641 $  </br>C&F        : 348072 ¥‎   3210 $ </br>CIF        : 353072 ¥‎   3256 $ , 
2019-02-28 14:28,"{
""company"": ""AUDI"",
""model"": ""A3"",
""s_year"": ""2000"",
""e_year"": ""2010"",
""mileage"": """",
""color"": [] ,
""kuzov"": ""8PBLR"",
""rate"": [],
""countryCode"":""Aruba"",
""portCode"":""Aruba"",
""vessleCode"":""RORO VESSEL""
}",FOB        : 169380 ¥‎   1557 $  </br>C&F        : 340371 ¥‎   3129 $ </br>CIF        : 345371 ¥‎   3175 $ , 
2019-02-28 14:40,"{
""company"": ""AUDI"",
""model"": ""A3"",
""s_year"": ""2000"",
""e_year"": ""2002"",
""mileage"": ""51000- 107000"",
""color"": [""silver""] ,
""kuzov"": ""8LAGN"",
""rate"": [""3.5""],
""countryCode"":""Angola"",
""portCode"":""Luanda"",
""vessleCode"":""40' CONTAINER""
}",FOB        : 94140 ¥‎   865 $  </br>C&F        : 351954 ¥‎   3234 $ </br>CIF        : 356954 ¥‎   3280 $ , 
2019-02-28 14:42,"{
""company"": ""AUDI"",
""model"": ""A3"",
""s_year"": ""2000"",
""e_year"": ""2002"",
""mileage"": ""51000- 107000"",
""color"": [""silver""] ,
""kuzov"": ""8LAGN"",
""rate"": [""3.5""],
""countryCode"":""Angola"",
""portCode"":""Luanda"",
""vessleCode"":""40' CONTAINER""
}",FOB        : 133000 ¥‎   1222 $  </br>C&F        : 390814 ¥‎   3591 $ </br>CIF        : 395814 ¥‎   3637 $ ,</br><strong>Average Price      : </strong>33000 ¥‎ </br><strong>Slab Rate          : </strong>100000 ¥‎</br><strong>Inspection Fee     : </strong>0 ¥‎</br><strong>LC Charge          : </strong>0 ¥‎</br><strong>Ocean Freight      : </strong>257814 ¥‎</br><strong>Miscellaneous Fee  : </strong>0 ¥‎ </br>
2019-03-01 17:38,"{
""company"": ""TOYOTA"",
""model"": ""VITZ"",
""s_year"": ""2012"",
""e_year"": ""2012"",
""mileage"": ""87000- 92000"",
""color"": [""white""] ,
""kuzov"": ""NSP130"",
""rate"": [""r""],
""countryCode"":""Kenya"",
""portCode"":""Mombasa"",
""vessleCode"":""RORO VESSEL""
}",FOB        : 337540 ¥‎   3072 $  </br>C&F        : 399874 ¥‎   3639 $ </br>CIF        : 404874 ¥‎   3685 $ , 
2019-03-01 17:50,"{
""company"": ""MAZDA"",
""model"": ""VERISA"",
""s_year"": ""2012"",
""e_year"": ""2012"",
""mileage"": ""46000- 52000"",
""color"": [""red""] ,
""kuzov"": ""DC5W"",
""rate"": [""4""],
""countryCode"":""Kenya"",
""portCode"":""Mombasa"",
""vessleCode"":""RORO VESSEL""
}",FOB        : 493060 ¥‎   4488 $  </br>C&F        :  - </br>CIF        :  - , 
2019-03-01 17:53,"{
""company"": ""MAZDA"",
""model"": ""VERISA"",
""s_year"": ""2012"",
""e_year"": ""2012"",
""mileage"": ""46000- 64000"",
""color"": [] ,
""kuzov"": ""DC5W"",
""rate"": [],
""countryCode"":""Kenya"",
""portCode"":""Mombasa"",
""vessleCode"":""RORO VESSEL""
}",FOB        : 635620 ¥‎   5785 $  </br>C&F        :  - </br>CIF        :  - , 
2019-03-01 17:54,"{
""company"": ""MAZDA"",
""model"": ""VERISA"",
""s_year"": ""2012"",
""e_year"": ""2012"",
""mileage"": ""46000- 64000"",
""color"": [] ,
""kuzov"": ""DC5W"",
""rate"": [""4""],
""countryCode"":""Kenya"",
""portCode"":""Mombasa"",
""vessleCode"":""RORO VESSEL""
}",FOB        : 635620 ¥‎   5785 $  </br>C&F        :  - </br>CIF        :  - , 
2019-03-04 19:07,"{
""company"": ""AUDI"",
""model"": ""A1"",
""s_year"": ""2011"",
""e_year"": ""2013"",
""mileage"": ""0- 121000"",
""color"": [""black"", ""brown"", ""light blue"", ""red"", ""silver"", ""white"", ""wine""] ,
""kuzov"": ""8XCAX"",
""rate"": [""3.5"", ""4"", ""4.5"", ""r""],
""countryCode"":""Abu Dhabi"",
""portCode"":""Abu Dhabi"",
""vessleCode"":""RORO VESSEL""
}",FOB        : 633240 ¥‎   5761 $  </br>C&F        : 706790 ¥‎   6430 $ </br>CIF        : 711790 ¥‎   6476 $ , 
2019-03-05 12:52,"{
""company"": ""MAZDA"",
""model"": ""DEMIO"",
""s_year"": ""2012"",
""e_year"": ""2012"",
""mileage"": ""54000- 100000"",
""color"": [""grey""] ,
""kuzov"": ""DE3FS"",
""rate"": [""3"", ""3.5"", ""4"", ""r""],
""countryCode"":""Kenya"",
""portCode"":""Mombasa"",
""vessleCode"":""RORO VESSEL""
}",FOB        : 318640 ¥‎   2898 $  </br>C&F        :  - </br>CIF        :  - , 
2019-03-05 13:27,"{
""company"": ""MAZDA"",
""model"": ""DEMIO"",
""s_year"": ""2012"",
""e_year"": ""2012"",
""mileage"": ""0- 100000"",
""color"": [] ,
""kuzov"": ""DE3FS"",
""rate"": [""0"", ""1"", ""3"", ""3.5"", ""4"", ""4.5"", ""r"", ""ra"", ""unknown""],
""countryCode"":""Kenya"",
""portCode"":""Mombasa"",
""vessleCode"":""RORO VESSEL""
}",FOB        : 351580 ¥‎   3198 $  </br>C&F        :  - </br>CIF        :  - , 
2019-03-05 14:49,"{
""company"": ""TOYOTA"",
""model"": ""COROLLA"",
""s_year"": ""1996"",
""e_year"": ""2006"",
""mileage"": ""23000- 105000"",
""color"": [] ,
""kuzov"": ""AE110"",
""rate"": [""2"", ""3.5""],
""countryCode"":""Abu Dhabi"",
""portCode"":""Abu Dhabi"",
""vessleCode"":""RORO VESSEL""
}",FOB        : 170460 ¥‎   1550 $  </br>C&F        : 244841 ¥‎   2226 $ </br>CIF        : 249841 ¥‎   2272 $ , 
2019-03-06 10:48,"{
""company"": ""NISSAN"",
""model"": ""ELGRAND"",
""s_year"": ""2012"",
""e_year"": ""2012"",
""mileage"": ""42000- 101000"",
""color"": [] ,
""kuzov"": ""TE52"",
""rate"": [""3"", ""3.5"", ""4"", ""r""],
""countryCode"":""Kenya"",
""portCode"":""Mombasa"",
""vessleCode"":""RORO VESSEL""
}",FOB        : 1452100 ¥‎   13226 $  </br>C&F        : 1556051 ¥‎   14173 $ </br>CIF        : 1561051 ¥‎   14219 $ , 
2019-03-06 11:26,"{
""company"": ""NISSAN"",
""model"": ""ELGRAND"",
""s_year"": ""2012"",
""e_year"": ""2012"",
""mileage"": ""41000- 100000"",
""color"": [] ,
""kuzov"": ""TE52"",
""rate"": [""3"", ""3.5"", ""4"", ""r""],
""countryCode"":""Kenya"",
""portCode"":""Mombasa"",
""vessleCode"":""RORO VESSEL""
}",FOB        : 1454800 ¥‎   13251 $  </br>C&F        : 1558751 ¥‎   14198 $ </br>CIF        : 1563751 ¥‎   14243 $ , 
2019-03-06 11:34,"{
""company"": ""NISSAN"",
""model"": ""ELGRAND"",
""s_year"": ""2012"",
""e_year"": ""2012"",
""mileage"": ""41000- 100000"",
""color"": [] ,
""kuzov"": ""TE52"",
""rate"": [""3"", ""3.5"", ""4"", ""r""],
""countryCode"":""Kenya"",
""portCode"":""Mombasa"",
""vessleCode"":""RORO VESSEL""
}",FOB        : 1423500 ¥‎   12966 $  </br>C&F        : 1527451 ¥‎   13913 $ </br>CIF        : 1532451 ¥‎   13958 $ ,</br><strong>Average Price      : </strong>1272500 ¥‎ </br><strong>Slab Rate          : </strong>120000 ¥‎</br><strong>Inspection Fee     : </strong>31000 ¥‎</br><strong>LC Charge          : </strong>0 ¥‎</br><strong>Ocean Freight      : </strong>103951 ¥‎</br><strong>Miscellaneous Fee  : </strong>0 ¥‎ </br>
2019-03-07 18:28,"{
""company"": ""ALFAROMEO"",
""model"": ""147"",
""s_year"": ""2001"",
""e_year"": ""2010"",
""mileage"": ""0- 121000"",
""color"": [""a cone"", ""black"", ""blue"", ""con"", ""dark blue chameleon"", ""gensha"", ""light blue"", ""navy"", ""red"", ""red 2"", ""silver"", ""white""] ,
""kuzov"": ""937AB"",
""rate"": [""0"", ""2"", ""3"", ""3.5"", ""4"", ""4.5"", ""99"", ""r"", ""ra""],
""countryCode"":""Abu Dhabi"",
""portCode"":""Abu Dhabi"",
""vessleCode"":""RORO VESSEL""
}",FOB        : 92700 ¥‎   844 $  </br>C&F        : 170682 ¥‎   1555 $ </br>CIF        : 175682 ¥‎   1601 $ , 
2019-03-07 18:28,"{
""company"": ""ALFAROMEO"",
""model"": ""147"",
""s_year"": ""2001"",
""e_year"": ""2010"",
""mileage"": ""0- 121000"",
""color"": [""a cone"", ""black"", ""blue"", ""con"", ""dark blue chameleon"", ""gensha"", ""light blue"", ""navy"", ""red"", ""red 2"", ""silver"", ""white""] ,
""kuzov"": ""937AB"",
""rate"": [""0"", ""2"", ""3"", ""3.5"", ""4"", ""4.5"", ""99"", ""r"", ""ra""],
""countryCode"":""Abu Dhabi"",
""portCode"":""Abu Dhabi"",
""vessleCode"":""RORO VESSEL""
}",FOB        : 92700 ¥‎   844 $  </br>C&F        : 170682 ¥‎   1555 $ </br>CIF        : 175682 ¥‎   1601 $ , 
2019-03-07 18:28,"{
""company"": ""ALFAROMEO"",
""model"": ""147"",
""s_year"": ""2001"",
""e_year"": ""2010"",
""mileage"": ""0- 121000"",
""color"": [""a cone"", ""black"", ""blue"", ""con"", ""dark blue chameleon"", ""gensha"", ""light blue"", ""navy"", ""red"", ""red 2"", ""silver"", ""white""] ,
""kuzov"": ""937AB"",
""rate"": [""0"", ""2"", ""3"", ""3.5"", ""4"", ""4.5"", ""99"", ""r"", ""ra""],
""countryCode"":""Abu Dhabi"",
""portCode"":""Abu Dhabi"",
""vessleCode"":""RORO VESSEL""
}",FOB        : 92700 ¥‎   844 $  </br>C&F        : 170682 ¥‎   1555 $ </br>CIF        : 175682 ¥‎   1601 $ , 
2019-03-07 18:32,"{
""company"": ""ALFAROMEO"",
""model"": ""147"",
""s_year"": ""2001"",
""e_year"": ""2010"",
""mileage"": ""0- 121000"",
""color"": [""a cone"", ""black"", ""blue"", ""con"", ""dark blue chameleon"", ""gensha"", ""light blue"", ""navy"", ""red"", ""red 2"", ""silver"", ""white""] ,
""kuzov"": ""937AB"",
""rate"": [""0"", ""2"", ""3"", ""3.5"", ""4"", ""4.5"", ""99"", ""r"", ""ra""],
""countryCode"":""Abu Dhabi"",
""portCode"":""Abu Dhabi"",
""vessleCode"":""RORO VESSEL""
}",FOB        : 92700 ¥‎   844 $  </br>C&F        : 170682 ¥‎   1555 $ </br>CIF        : 175682 ¥‎   1601 $ , 
2019-03-07 18:32,"{
""company"": ""ALFAROMEO"",
""model"": ""147"",
""s_year"": ""2001"",
""e_year"": ""2010"",
""mileage"": ""0- 121000"",
""color"": [""a cone"", ""black"", ""blue"", ""con"", ""dark blue chameleon"", ""gensha"", ""light blue"", ""navy"", ""red"", ""red 2"", ""silver"", ""white""] ,
""kuzov"": ""937AB"",
""rate"": [""0"", ""2"", ""3"", ""3.5"", ""4"", ""4.5"", ""99"", ""r"", ""ra""],
""countryCode"":""Abu Dhabi"",
""portCode"":""Abu Dhabi"",
""vessleCode"":""RORO VESSEL""
}",FOB        : 92700 ¥‎   844 $  </br>C&F        : 170682 ¥‎   1555 $ </br>CIF        : 175682 ¥‎   1601 $ , 
2019-03-07 18:35,"{
""company"": ""ALFAROMEO"",
""model"": ""147"",
""s_year"": ""2001"",
""e_year"": ""2010"",
""mileage"": ""0- 121000"",
""color"": [""a cone"", ""black"", ""blue"", ""con"", ""dark blue chameleon"", ""gensha"", ""light blue"", ""navy"", ""red"", ""red 2"", ""silver"", ""white""] ,
""kuzov"": ""937AB"",
""rate"": [""0"", ""2"", ""3"", ""3.5"", ""4"", ""4.5"", ""99"", ""r"", ""ra""],
""countryCode"":""Abu Dhabi"",
""portCode"":""Abu Dhabi"",
""vessleCode"":""RORO VESSEL""
}",FOB        : 92700 ¥‎   844 $  </br>C&F        : 170682 ¥‎   1555 $ </br>CIF        : 175682 ¥‎   1601 $ , 
2019-03-07 18:41,"{
""company"": ""ALFAROMEO"",
""model"": ""147"",
""s_year"": ""2001"",
""e_year"": ""2010"",
""mileage"": ""0- 121000"",
""color"": [""black"", ""blue"", ""white""] ,
""kuzov"": ""937AB"",
""rate"": [""3"", ""4"", ""4.5""],
""countryCode"":""Abu Dhabi"",
""portCode"":""Abu Dhabi"",
""vessleCode"":""RORO VESSEL""
}",FOB        : 184500 ¥‎   1681 $  </br>C&F        : 262482 ¥‎   2392 $ </br>CIF        : 267482 ¥‎   2438 $ , 
2019-03-07 18:46,"{
""company"": ""ALFAROMEO"",
""model"": ""147"",
""s_year"": ""2001"",
""e_year"": ""2008"",
""mileage"": ""0- 121000"",
""color"": [""black"", ""blue""] ,
""kuzov"": ""937AB"",
""rate"": [""3"", ""4""],
""countryCode"":""Abu Dhabi"",
""portCode"":""Abu Dhabi"",
""vessleCode"":""RORO VESSEL""
}",FOB        : 79200 ¥‎   721 $  </br>C&F        : 157182 ¥‎   1432 $ </br>CIF        : 162182 ¥‎   1478 $ , 
2019-03-07 18:48,"{
""company"": ""ALFAROMEO"",
""model"": ""147"",
""s_year"": ""2001"",
""e_year"": ""2007"",
""mileage"": ""0- 121000"",
""color"": [""black"", ""blue""] ,
""kuzov"": ""937AB"",
""rate"": [""3"", ""4""],
""countryCode"":""Abu Dhabi"",
""portCode"":""Abu Dhabi"",
""vessleCode"":""RORO VESSEL""
}",FOB        : 79200 ¥‎   721 $  </br>C&F        : 157216 ¥‎   1432 $ </br>CIF        : 162216 ¥‎   1478 $ , 
2019-03-07 18:54,"{
""company"": ""ALFAROMEO"",
""model"": ""147"",
""s_year"": ""2001"",
""e_year"": ""2007"",
""mileage"": ""0- 121000"",
""color"": [""black"", ""blue""] ,
""kuzov"": ""937AB"",
""rate"": [""3"", ""4""],
""countryCode"":""Abu Dhabi"",
""portCode"":""Abu Dhabi"",
""vessleCode"":""RORO VESSEL""
}",FOB        : 79200 ¥‎   721 $  </br>C&F        : 157216 ¥‎   1432 $ </br>CIF        : 162216 ¥‎   1478 $ , 
2019-03-07 18:57,"{
""company"": ""ALFAROMEO"",
""model"": ""147"",
""s_year"": ""2001"",
""e_year"": ""2008"",
""mileage"": ""0- 121000"",
""color"": [""black"", ""blue""] ,
""kuzov"": ""937AB"",
""rate"": [""3"", ""4""],
""countryCode"":""Abu Dhabi"",
""portCode"":""Abu Dhabi"",
""vessleCode"":""RORO VESSEL""
}",FOB        : 79200 ¥‎   721 $  </br>C&F        : 157216 ¥‎   1432 $ </br>CIF        : 162216 ¥‎   1478 $ , 
2019-03-07 19:05,"{
""company"": ""ALFAROMEO"",
""model"": ""147"",
""s_year"": ""2001"",
""e_year"": ""2008"",
""mileage"": ""0- 121000"",
""color"": [""black"", ""blue""] ,
""kuzov"": ""937AB"",
""rate"": [""3"", ""4""],
""countryCode"":""Abu Dhabi"",
""portCode"":""Abu Dhabi"",
""vessleCode"":""RORO VESSEL""
}",FOB        : 79200 ¥‎   721 $  </br>C&F        : 157216 ¥‎   1432 $ </br>CIF        : 162216 ¥‎   1478 $ , 
2019-03-07 19:06,"{
""company"": ""ALFAROMEO"",
""model"": ""147"",
""s_year"": ""2001"",
""e_year"": ""2008"",
""mileage"": ""0- 121000"",
""color"": [""black"", ""blue""] ,
""kuzov"": ""937AB"",
""rate"": [""3"", ""4""],
""countryCode"":""Abu Dhabi"",
""portCode"":""Abu Dhabi"",
""vessleCode"":""RORO VESSEL""
}",FOB        : 79200 ¥‎   721 $  </br>C&F        : 157216 ¥‎   1432 $ </br>CIF        : 162216 ¥‎   1478 $ , 
2019-03-07 19:14,"{
""company"": ""TOYOTA"",
""model"": ""COROLLA"",
""s_year"": ""1996"",
""e_year"": ""2006"",
""mileage"": ""23000- 107000"",
""color"": [] ,
""kuzov"": ""AE110"",
""rate"": [""2"", ""3.5""],
""countryCode"":""Abu Dhabi"",
""portCode"":""Abu Dhabi"",
""vessleCode"":""RORO VESSEL""
}",FOB        : 170460 ¥‎   1553 $  </br>C&F        : 244718 ¥‎   2229 $ </br>CIF        : 249718 ¥‎   2275 $ , 
2019-03-07 19:14,"{
""company"": ""TOYOTA"",
""model"": ""COROLLA"",
""s_year"": ""1996"",
""e_year"": ""2006"",
""mileage"": ""23000- 107000"",
""color"": [] ,
""kuzov"": ""AE110"",
""rate"": [""2"", ""3.5""],
""countryCode"":""Abu Dhabi"",
""portCode"":""Abu Dhabi"",
""vessleCode"":""RORO VESSEL""
}",FOB        : 170460 ¥‎   1553 $  </br>C&F        : 244718 ¥‎   2229 $ </br>CIF        : 249718 ¥‎   2275 $ , 
2019-03-07 19:23,"{
""company"": ""TOYOTA"",
""model"": ""COROLLA"",
""s_year"": ""1996"",
""e_year"": ""2006"",
""mileage"": ""23000- 106000"",
""color"": [] ,
""kuzov"": ""AE110"",
""rate"": [""2"", ""3.5""],
""countryCode"":""Abu Dhabi"",
""portCode"":""Abu Dhabi"",
""vessleCode"":""RORO VESSEL""
}",FOB        : 170460 ¥‎   1553 $  </br>C&F        : 244718 ¥‎   2229 $ </br>CIF        : 249718 ¥‎   2275 $ , 
2019-03-07 19:23,"{
""company"": ""TOYOTA"",
""model"": ""COROLLA"",
""s_year"": ""1996"",
""e_year"": ""2006"",
""mileage"": ""23000- 106000"",
""color"": [] ,
""kuzov"": ""AE110"",
""rate"": [""2"", ""3.5""],
""countryCode"":""Abu Dhabi"",
""portCode"":""Abu Dhabi"",
""vessleCode"":""RORO VESSEL""
}",FOB        : 170460 ¥‎   1553 $  </br>C&F        : 244718 ¥‎   2229 $ </br>CIF        : 249718 ¥‎   2275 $ , 
2019-03-07 19:26,"{
""company"": ""TOYOTA"",
""model"": ""COROLLA"",
""s_year"": ""1996"",
""e_year"": ""2006"",
""mileage"": ""21000- 106000"",
""color"": [] ,
""kuzov"": ""AE110"",
""rate"": [""2"", ""3.5""],
""countryCode"":""Abu Dhabi"",
""portCode"":""Abu Dhabi"",
""vessleCode"":""RORO VESSEL""
}",FOB        : 170460 ¥‎   1553 $  </br>C&F        : 244718 ¥‎   2229 $ </br>CIF        : 249718 ¥‎   2275 $ , 
2019-03-07 19:27,"{
""company"": ""TOYOTA"",
""model"": ""COROLLA"",
""s_year"": ""1996"",
""e_year"": ""2006"",
""mileage"": ""21000- 106000"",
""color"": [] ,
""kuzov"": ""AE110"",
""rate"": [""2"", ""3.5""],
""countryCode"":""Abu Dhabi"",
""portCode"":""Abu Dhabi"",
""vessleCode"":""RORO VESSEL""
}",FOB        : 170460 ¥‎   1553 $  </br>C&F        : 244718 ¥‎   2229 $ </br>CIF        : 249718 ¥‎   2275 $ , 
2019-03-07 19:28,"{
""company"": ""TOYOTA"",
""model"": ""AQUA"",
""s_year"": ""1990"",
""e_year"": ""2018"",
""mileage"": ""0- 45000"",
""color"": [] ,
""kuzov"": ""NHP10"",
""rate"": [""4.5"", ""5""],
""countryCode"":""Abu Dhabi"",
""portCode"":""Abu Dhabi"",
""vessleCode"":""RORO VESSEL""
}",FOB        : 1280700 ¥‎   11669 $  </br>C&F        : 1355916 ¥‎   12354 $ </br>CIF        : 1360916 ¥‎   12400 $ , 
2019-03-07 19:29,"{
""company"": ""TOYOTA"",
""model"": ""ALLION"",
""s_year"": ""2003"",
""e_year"": ""2009"",
""mileage"": ""0- 47000"",
""color"": [] ,
""kuzov"": ""NZT260"",
""rate"": [""4"", ""4.5""],
""countryCode"":""Abu Dhabi"",
""portCode"":""Abu Dhabi"",
""vessleCode"":""RORO VESSEL""
}",FOB        : 416700 ¥‎   3796 $  </br>C&F        : 501935 ¥‎   4573 $ </br>CIF        : 506935 ¥‎   4618 $ , 
2019-03-07 19:30,"{
""company"": ""TOYOTA"",
""model"": ""ALLION"",
""s_year"": ""2003"",
""e_year"": ""2009"",
""mileage"": """",
""color"": [] ,
""kuzov"": ""NZT260"",
""rate"": [""4"", ""4.5""],
""countryCode"":""Abu Dhabi"",
""portCode"":""Abu Dhabi"",
""vessleCode"":""RORO VESSEL""
}",FOB        : 387540 ¥‎   3531 $  </br>C&F        : 472775 ¥‎   4307 $ </br>CIF        : 477775 ¥‎   4353 $ , 
2019-03-08 09:53,"{
""company"": ""TOYOTA"",
""model"": ""86"",
""s_year"": ""2005"",
""e_year"": ""2018"",
""mileage"": ""23000- 107000"",
""color"": [""blue"", ""orange""] ,
""kuzov"": ""ZN6"",
""rate"": [""r"", ""ra""],
""countryCode"":""Abu Dhabi"",
""portCode"":""Abu Dhabi"",
""vessleCode"":""RORO VESSEL""
}",FOB        : 1333620 ¥‎   12193 $  </br>C&F        : 1409028 ¥‎   12883 $ </br>CIF        : 1414028 ¥‎   12929 $ , 
2019-03-08 09:54,"{
""company"": ""TOYOTA"",
""model"": ""86"",
""s_year"": ""2005"",
""e_year"": ""2018"",
""mileage"": ""23000- 107000"",
""color"": [""blue"", ""orange""] ,
""kuzov"": ""ZN6"",
""rate"": [""r"", ""ra""],
""countryCode"":""Abu Dhabi"",
""portCode"":""Abu Dhabi"",
""vessleCode"":""RORO VESSEL""
}",FOB        : 1333620 ¥‎   12193 $  </br>C&F        : 1409028 ¥‎   12883 $ </br>CIF        : 1414028 ¥‎   12929 $ , 
2019-03-08 10:37,"{
""company"": ""TOYOTA"",
""model"": ""ALLEX"",
""s_year"": ""2001"",
""e_year"": ""2013"",
""mileage"": ""15000- 115000"",
""color"": [] ,
""kuzov"": ""NZE121"",
""rate"": [""4"", ""4.5""],
""countryCode"":""Abu Dhabi"",
""portCode"":""Abu Dhabi"",
""vessleCode"":""RORO VESSEL""
}",FOB        : 219060 ¥‎   2002 $  </br>C&F        : 299974 ¥‎   2742 $ </br>CIF        : 304974 ¥‎   2788 $ , 
2019-03-08 10:38,"{
""company"": ""TOYOTA"",
""model"": ""ALLEX"",
""s_year"": ""2001"",
""e_year"": ""2013"",
""mileage"": ""15000- 115000"",
""color"": [] ,
""kuzov"": ""NZE121"",
""rate"": [""4"", ""4.5""],
""countryCode"":""Abu Dhabi"",
""portCode"":""Abu Dhabi"",
""vessleCode"":""RORO VESSEL""
}",FOB        : 219060 ¥‎   2002 $  </br>C&F        : 299974 ¥‎   2742 $ </br>CIF        : 304974 ¥‎   2788 $ , 
2019-03-08 10:40,"{
""company"": ""TOYOTA"",
""model"": ""ALLEX"",
""s_year"": ""2001"",
""e_year"": ""2013"",
""mileage"": ""15000- 115000"",
""color"": [] ,
""kuzov"": ""NZE121"",
""rate"": [""4"", ""4.5""],
""countryCode"":""Abu Dhabi"",
""portCode"":""Abu Dhabi"",
""vessleCode"":""RORO VESSEL""
}",FOB        : 219060 ¥‎   2002 $  </br>C&F        : 299974 ¥‎   2742 $ </br>CIF        : 304974 ¥‎   2788 $ , 
2019-03-08 10:41,"{
""company"": ""TOYOTA"",
""model"": ""ALLEX"",
""s_year"": ""2001"",
""e_year"": ""2013"",
""mileage"": ""15000- 115000"",
""color"": [] ,
""kuzov"": ""NZE121"",
""rate"": [""4"", ""4.5""],
""countryCode"":""Abu Dhabi"",
""portCode"":""Abu Dhabi"",
""vessleCode"":""RORO VESSEL""
}",FOB        : 219060 ¥‎   2002 $  </br>C&F        : 299974 ¥‎   2742 $ </br>CIF        : 304974 ¥‎   2788 $ , 
2019-03-08 10:49,"{
""company"": ""TOYOTA"",
""model"": ""ALLEX"",
""s_year"": ""2001"",
""e_year"": ""2013"",
""mileage"": ""14000- 114000"",
""color"": [] ,
""kuzov"": ""NZE121"",
""rate"": [""4"", ""4.5""],
""countryCode"":""Abu Dhabi"",
""portCode"":""Abu Dhabi"",
""vessleCode"":""RORO VESSEL""
}",FOB        : 219060 ¥‎   2004 $  </br>C&F        : 299897 ¥‎   2744 $ </br>CIF        : 304897 ¥‎   2790 $ , 
2019-03-08 10:49,"{
""company"": ""TOYOTA"",
""model"": ""ALLEX"",
""s_year"": ""2001"",
""e_year"": ""2013"",
""mileage"": ""14000- 114000"",
""color"": [] ,
""kuzov"": ""NZE121"",
""rate"": [""4"", ""4.5""],
""countryCode"":""Abu Dhabi"",
""portCode"":""Abu Dhabi"",
""vessleCode"":""RORO VESSEL""
}",FOB        : 219060 ¥‎   2004 $  </br>C&F        : 299897 ¥‎   2744 $ </br>CIF        : 304897 ¥‎   2790 $ , 
2019-03-08 10:52,"{
""company"": ""TOYOTA"",
""model"": ""ALLEX"",
""s_year"": ""2001"",
""e_year"": ""2013"",
""mileage"": ""14000- 114000"",
""color"": [] ,
""kuzov"": ""NZE121"",
""rate"": [""4"", ""4.5""],
""countryCode"":""Abu Dhabi"",
""portCode"":""Abu Dhabi"",
""vessleCode"":""RORO VESSEL""
}",FOB        : 219060 ¥‎   -109530 $  </br>C&F        : 221182 ¥‎   -110591 $ </br>CIF        : 226182 ¥‎   -113091 $ , 
2019-03-08 10:52,"{
""company"": ""TOYOTA"",
""model"": ""ALLEX"",
""s_year"": ""2001"",
""e_year"": ""2013"",
""mileage"": ""14000- 114000"",
""color"": [] ,
""kuzov"": ""NZE121"",
""rate"": [""4"", ""4.5""],
""countryCode"":""Abu Dhabi"",
""portCode"":""Abu Dhabi"",
""vessleCode"":""RORO VESSEL""
}",FOB        : 219060 ¥‎   -109530 $  </br>C&F        : 221182 ¥‎   -110591 $ </br>CIF        : 226182 ¥‎   -113091 $ , 
2019-03-08 10:54,"{
""company"": ""TOYOTA"",
""model"": ""ALLEX"",
""s_year"": ""2001"",
""e_year"": ""2013"",
""mileage"": ""14000- 114000"",
""color"": [] ,
""kuzov"": ""NZE121"",
""rate"": [""4"", ""4.5""],
""countryCode"":""Abu Dhabi"",
""portCode"":""Abu Dhabi"",
""vessleCode"":""RORO VESSEL""
}",FOB        : 219060 ¥‎   -109530 $  </br>C&F        : 221182 ¥‎   -110591 $ </br>CIF        : 226182 ¥‎   -113091 $ , 
2019-03-08 10:56,"{
""company"": ""TOYOTA"",
""model"": ""ALLEX"",
""s_year"": ""2001"",
""e_year"": ""2013"",
""mileage"": ""14000- 114000"",
""color"": [] ,
""kuzov"": ""NZE121"",
""rate"": [""4"", ""4.5""],
""countryCode"":""Abu Dhabi"",
""portCode"":""Abu Dhabi"",
""vessleCode"":""RORO VESSEL""
}",FOB        : 219060 ¥‎   -109530 $  </br>C&F        : 221182 ¥‎   -110591 $ </br>CIF        : 226182 ¥‎   -113091 $ , 
2019-03-08 10:56,"{
""company"": ""TOYOTA"",
""model"": ""ALLEX"",
""s_year"": ""2001"",
""e_year"": ""2013"",
""mileage"": ""14000- 114000"",
""color"": [] ,
""kuzov"": ""NZE121"",
""rate"": [""4"", ""4.5""],
""countryCode"":""Abu Dhabi"",
""portCode"":""Abu Dhabi"",
""vessleCode"":""RORO VESSEL""
}",FOB        : 219060 ¥‎   -109530 $  </br>C&F        : 221182 ¥‎   -110591 $ </br>CIF        : 226182 ¥‎   -113091 $ , 
2019-03-08 10:58,"{
""company"": ""TOYOTA"",
""model"": ""ALLEX"",
""s_year"": ""2001"",
""e_year"": ""2013"",
""mileage"": ""20000- 115000"",
""color"": [] ,
""kuzov"": ""NZE121"",
""rate"": [""4"", ""4.5""],
""countryCode"":""Abu Dhabi"",
""portCode"":""Abu Dhabi"",
""vessleCode"":""RORO VESSEL""
}",FOB        : 217980 ¥‎   1994 $  </br>C&F        : 298817 ¥‎   2734 $ </br>CIF        : 303817 ¥‎   2780 $ , 
2019-03-08 10:59,"{
""company"": ""TOYOTA"",
""model"": ""ALLEX"",
""s_year"": ""2001"",
""e_year"": ""2013"",
""mileage"": ""20000- 115000"",
""color"": [] ,
""kuzov"": ""NZE121"",
""rate"": [""4"", ""4.5""],
""countryCode"":""Abu Dhabi"",
""portCode"":""Abu Dhabi"",
""vessleCode"":""RORO VESSEL""
}",FOB        : 217980 ¥‎   1994 $  </br>C&F        : 298817 ¥‎   2734 $ </br>CIF        : 303817 ¥‎   2780 $ , 
2019-03-08 11:10,"{
""company"": ""AUDI"",
""model"": ""A4"",
""s_year"": ""1997"",
""e_year"": ""2009"",
""mileage"": ""0- 105000"",
""color"": [""silver""] ,
""kuzov"": ""8DABC"",
""rate"": [""3.5""],
""countryCode"":""Abu Dhabi"",
""portCode"":""Abu Dhabi"",
""vessleCode"":""RORO VESSEL""
}",FOB        : 97020 ¥‎   887 $  </br>C&F        : 179764 ¥‎   1645 $ </br>CIF        : 184764 ¥‎   1690 $ , 
2019-03-08 11:10,"{
""company"": ""AUDI"",
""model"": ""A4"",
""s_year"": ""1997"",
""e_year"": ""2009"",
""mileage"": ""0- 105000"",
""color"": [""silver""] ,
""kuzov"": ""8DABC"",
""rate"": [""3.5""],
""countryCode"":""Abu Dhabi"",
""portCode"":""Abu Dhabi"",
""vessleCode"":""RORO VESSEL""
}",FOB        : 97020 ¥‎   887 $  </br>C&F        : 179764 ¥‎   1645 $ </br>CIF        : 184764 ¥‎   1690 $ , 
2019-03-08 11:12,"{
""company"": ""AUDI"",
""model"": ""A4"",
""s_year"": ""1997"",
""e_year"": ""2009"",
""mileage"": ""0- 105000"",
""color"": [""silver""] ,
""kuzov"": ""8DABC"",
""rate"": [""3.5""],
""countryCode"":""Abu Dhabi"",
""portCode"":""Abu Dhabi"",
""vessleCode"":""RORO VESSEL""
}",FOB        : 97020 ¥‎   887 $  </br>C&F        : 179764 ¥‎   1645 $ </br>CIF        : 184764 ¥‎   1690 $ , 
2019-03-08 11:14,"{
""company"": ""AUDI"",
""model"": ""A4"",
""s_year"": ""1997"",
""e_year"": ""2009"",
""mileage"": ""0- 105000"",
""color"": [""silver""] ,
""kuzov"": ""8DABC"",
""rate"": [""3.5""],
""countryCode"":""Abu Dhabi"",
""portCode"":""Abu Dhabi"",
""vessleCode"":""RORO VESSEL""
}",FOB        : 97020 ¥‎   887 $  </br>C&F        : 179764 ¥‎   1645 $ </br>CIF        : 184764 ¥‎   1690 $ , 
2019-03-08 11:20,"{
""company"": ""AUDI"",
""model"": ""A4"",
""s_year"": ""1997"",
""e_year"": ""2009"",
""mileage"": ""0- 105000"",
""color"": [""silver""] ,
""kuzov"": ""8DABC"",
""rate"": [""3.5""],
""countryCode"":""Abu Dhabi"",
""portCode"":""Abu Dhabi"",
""vessleCode"":""RORO VESSEL""
}",FOB        : 97020 ¥‎   887 $  </br>C&F        : 179764 ¥‎   1645 $ </br>CIF        : 184764 ¥‎   1690 $ , 
2019-03-08 11:25,"{
""company"": ""TOYOTA"",
""model"": ""ALLEX"",
""s_year"": ""2001"",
""e_year"": ""2013"",
""mileage"": ""15000- 110000"",
""color"": [] ,
""kuzov"": ""NZE121"",
""rate"": [""4"", ""4.5""],
""countryCode"":""Abu Dhabi"",
""portCode"":""Abu Dhabi"",
""vessleCode"":""RORO VESSEL""
}",FOB        : 219060 ¥‎   2004 $  </br>C&F        : 299897 ¥‎   2744 $ </br>CIF        : 304897 ¥‎   2790 $ , 
2019-03-08 11:35,"{
""company"": ""TOYOTA"",
""model"": ""LAND CRUISER PRADO"",
""s_year"": ""1989"",
""e_year"": ""2018"",
""mileage"": ""18000- 110000"",
""color"": [] ,
""kuzov"": ""GDJ150W"",
""rate"": [""4"", ""4.5"", ""5""],
""countryCode"":""Abu Dhabi"",
""portCode"":""Abu Dhabi"",
""vessleCode"":""RORO VESSEL""
}",FOB        : 3481200 ¥‎   31860 $  </br>C&F        : 3604142 ¥‎   32985 $ </br>CIF        : 3609142 ¥‎   33031 $ , 
2019-03-08 11:35,"{
""company"": ""TOYOTA"",
""model"": ""LAND CRUISER PRADO"",
""s_year"": ""1989"",
""e_year"": ""2018"",
""mileage"": ""18000- 110000"",
""color"": [] ,
""kuzov"": ""GDJ150W"",
""rate"": [""4"", ""4.5"", ""5""],
""countryCode"":""Abu Dhabi"",
""portCode"":""Abu Dhabi"",
""vessleCode"":""RORO VESSEL""
}",FOB        : 3481200 ¥‎   31860 $  </br>C&F        : 3604142 ¥‎   32985 $ </br>CIF        : 3609142 ¥‎   33031 $ , 
2019-03-08 11:43,"{
""company"": ""TOYOTA"",
""model"": ""LAND CRUISER PRADO"",
""s_year"": ""1989"",
""e_year"": ""2019"",
""mileage"": ""14000- 114000"",
""color"": [] ,
""kuzov"": ""GDJ150W"",
""rate"": [],
""countryCode"":""Abu Dhabi"",
""portCode"":""Abu Dhabi"",
""vessleCode"":""RORO VESSEL""
}",FOB        : 3470400 ¥‎   31828 $  </br>C&F        : 3593106 ¥‎   32953 $ </br>CIF        : 3598106 ¥‎   32999 $ , 
2019-03-08 11:43,"{
""company"": ""TOYOTA"",
""model"": ""LAND CRUISER PRADO"",
""s_year"": ""1989"",
""e_year"": ""2019"",
""mileage"": ""14000- 114000"",
""color"": [] ,
""kuzov"": ""GDJ150W"",
""rate"": [],
""countryCode"":""Abu Dhabi"",
""portCode"":""Abu Dhabi"",
""vessleCode"":""RORO VESSEL""
}",FOB        : 3470400 ¥‎   31828 $  </br>C&F        : 3593106 ¥‎   32953 $ </br>CIF        : 3598106 ¥‎   32999 $ , 
2019-03-08 11:45,"{
""company"": ""TOYOTA"",
""model"": ""LAND CRUISER PRADO"",
""s_year"": ""1989"",
""e_year"": ""2019"",
""mileage"": ""14000- 114000"",
""color"": [] ,
""kuzov"": ""GDJ150W"",
""rate"": [],
""countryCode"":""Abu Dhabi"",
""portCode"":""Abu Dhabi"",
""vessleCode"":""RORO VESSEL""
}",FOB        : 3470400 ¥‎   31828 $  </br>C&F        : 3593106 ¥‎   32953 $ </br>CIF        : 3598106 ¥‎   32999 $ , 
2019-03-08 11:45,"{
""company"": ""TOYOTA"",
""model"": ""LAND CRUISER PRADO"",
""s_year"": ""1989"",
""e_year"": ""2019"",
""mileage"": ""14000- 114000"",
""color"": [] ,
""kuzov"": ""GDJ150W"",
""rate"": [],
""countryCode"":""Abu Dhabi"",
""portCode"":""Abu Dhabi"",
""vessleCode"":""RORO VESSEL""
}",FOB        : 3470400 ¥‎   31828 $  </br>C&F        : 3593106 ¥‎   32953 $ </br>CIF        : 3598106 ¥‎   32999 $ , 
2019-03-08 11:46,"{
""company"": ""TOYOTA"",
""model"": ""LAND CRUISER PRADO"",
""s_year"": ""1989"",
""e_year"": ""2019"",
""mileage"": ""14000- 114000"",
""color"": [] ,
""kuzov"": ""GDJ150W"",
""rate"": [],
""countryCode"":""Abu Dhabi"",
""portCode"":""Abu Dhabi"",
""vessleCode"":""RORO VESSEL""
}",FOB        : 3470400 ¥‎   -1735200 $  </br>C&F        : 3473627 ¥‎   -1736813 $ </br>CIF        : 3478627 ¥‎   -1739313 $ , 
2019-03-08 11:47,"{
""company"": ""TOYOTA"",
""model"": ""LAND CRUISER PRADO"",
""s_year"": ""1989"",
""e_year"": ""2019"",
""mileage"": ""14000- 114000"",
""color"": [] ,
""kuzov"": ""GDJ150W"",
""rate"": [],
""countryCode"":""Abu Dhabi"",
""portCode"":""Abu Dhabi"",
""vessleCode"":""RORO VESSEL""
}",FOB        : 3470400 ¥‎   -1735200 $  </br>C&F        : 3473627 ¥‎   -1736813 $ </br>CIF        : 3478627 ¥‎   -1739313 $ , 
2019-03-08 11:48,"{
""company"": ""TOYOTA"",
""model"": ""LAND CRUISER PRADO"",
""s_year"": ""1989"",
""e_year"": ""2019"",
""mileage"": ""14000- 114000"",
""color"": [] ,
""kuzov"": ""GDJ150W"",
""rate"": [],
""countryCode"":""Abu Dhabi"",
""portCode"":""Abu Dhabi"",
""vessleCode"":""RORO VESSEL""
}",FOB        : 3470400 ¥‎   -1735200 $  </br>C&F        : 3473627 ¥‎   -1736813 $ </br>CIF        : 3478627 ¥‎   -1739313 $ , 
2019-03-08 11:54,"{
""company"": ""TOYOTA"",
""model"": ""LAND CRUISER PRADO"",
""s_year"": ""1989"",
""e_year"": ""2019"",
""mileage"": ""14000- 114000"",
""color"": [] ,
""kuzov"": ""GDJ150W"",
""rate"": [],
""countryCode"":""Abu Dhabi"",
""portCode"":""Abu Dhabi"",
""vessleCode"":""RORO VESSEL""
}",FOB        : 3470400 ¥‎   -1735200 $  </br>C&F        : 3473627 ¥‎   -1736813 $ </br>CIF        : 3478627 ¥‎   -1739313 $ , 
2019-03-08 11:54,"{
""company"": ""TOYOTA"",
""model"": ""LAND CRUISER PRADO"",
""s_year"": ""1989"",
""e_year"": ""2019"",
""mileage"": ""14000- 114000"",
""color"": [] ,
""kuzov"": ""GDJ150W"",
""rate"": [],
""countryCode"":""Abu Dhabi"",
""portCode"":""Abu Dhabi"",
""vessleCode"":""RORO VESSEL""
}",FOB        : 3470400 ¥‎   -1735200 $  </br>C&F        : 3473627 ¥‎   -1736813 $ </br>CIF        : 3478627 ¥‎   -1739313 $ , 
2019-03-08 11:59,"{
""company"": ""TOYOTA"",
""model"": ""LAND CRUISER PRADO"",
""s_year"": ""1989"",
""e_year"": ""2018"",
""mileage"": ""14000- 115000"",
""color"": [] ,
""kuzov"": ""GDJ150W"",
""rate"": [""4"", ""4.5"", ""5""],
""countryCode"":""Abu Dhabi"",
""portCode"":""Abu Dhabi"",
""vessleCode"":""RORO VESSEL""
}",FOB        : 3505500 ¥‎   32150 $  </br>C&F        : 3628206 ¥‎   33275 $ </br>CIF        : 3633206 ¥‎   33321 $ , 
2019-03-08 11:59,"{
""company"": ""TOYOTA"",
""model"": ""LAND CRUISER PRADO"",
""s_year"": ""1989"",
""e_year"": ""2018"",
""mileage"": ""14000- 115000"",
""color"": [] ,
""kuzov"": ""GDJ150W"",
""rate"": [""4"", ""4.5"", ""5""],
""countryCode"":""Abu Dhabi"",
""portCode"":""Abu Dhabi"",
""vessleCode"":""RORO VESSEL""
}",FOB        : 3505500 ¥‎   32150 $  </br>C&F        : 3628206 ¥‎   33275 $ </br>CIF        : 3633206 ¥‎   33321 $ , 
2019-03-08 12:17,"{
""company"": ""TOYOTA"",
""model"": ""LAND CRUISER PRADO"",
""s_year"": ""1989"",
""e_year"": ""2018"",
""mileage"": ""0- 116000"",
""color"": [] ,
""kuzov"": ""GDJ150W"",
""rate"": [""4"", ""4.5"", ""5""],
""countryCode"":""Abu Dhabi"",
""portCode"":""Abu Dhabi"",
""vessleCode"":""RORO VESSEL""
}",FOB        : 3553020 ¥‎   32585 $  </br>C&F        : 3675726 ¥‎   33711 $ </br>CIF        : 3680726 ¥‎   33757 $ , 
2019-03-08 12:17,"{
""company"": ""TOYOTA"",
""model"": ""LAND CRUISER PRADO"",
""s_year"": ""1989"",
""e_year"": ""2018"",
""mileage"": ""0- 116000"",
""color"": [] ,
""kuzov"": ""GDJ150W"",
""rate"": [""4"", ""4.5"", ""5""],
""countryCode"":""Abu Dhabi"",
""portCode"":""Abu Dhabi"",
""vessleCode"":""RORO VESSEL""
}",FOB        : 3553020 ¥‎   32585 $  </br>C&F        : 3675726 ¥‎   33711 $ </br>CIF        : 3680726 ¥‎   33757 $ , 
2019-03-08 12:20,"{
""company"": ""TOYOTA"",
""model"": ""LAND CRUISER PRADO"",
""s_year"": ""1989"",
""e_year"": ""2018"",
""mileage"": ""0- 116000"",
""color"": [] ,
""kuzov"": ""GDJ150W"",
""rate"": [""4"", ""4.5"", ""5""],
""countryCode"":""Abu Dhabi"",
""portCode"":""Abu Dhabi"",
""vessleCode"":""RORO VESSEL""
}",FOB        : 3553020 ¥‎   -1776510 $  </br>C&F        : 3556247 ¥‎   -1778123 $ </br>CIF        : 3561247 ¥‎   -1780623 $ , 
2019-03-08 12:20,"{
""company"": ""TOYOTA"",
""model"": ""LAND CRUISER PRADO"",
""s_year"": ""1989"",
""e_year"": ""2018"",
""mileage"": ""0- 116000"",
""color"": [] ,
""kuzov"": ""GDJ150W"",
""rate"": [""4"", ""4.5"", ""5""],
""countryCode"":""Abu Dhabi"",
""portCode"":""Abu Dhabi"",
""vessleCode"":""RORO VESSEL""
}",FOB        : 3553020 ¥‎   -1776510 $  </br>C&F        : 3556247 ¥‎   -1778123 $ </br>CIF        : 3561247 ¥‎   -1780623 $ , 
2019-03-08 12:24,"{
""company"": ""TOYOTA"",
""model"": ""COROLLA"",
""s_year"": ""1996"",
""e_year"": ""2006"",
""mileage"": ""24000- 104000"",
""color"": [] ,
""kuzov"": ""AE110"",
""rate"": [""2"", ""3.5""],
""countryCode"":""Abu Dhabi"",
""portCode"":""Abu Dhabi"",
""vessleCode"":""RORO VESSEL""
}",FOB        : 170460 ¥‎   1563 $  </br>C&F        : 244259 ¥‎   2240 $ </br>CIF        : 249259 ¥‎   2286 $ , 
2019-03-08 12:24,"{
""company"": ""TOYOTA"",
""model"": ""COROLLA"",
""s_year"": ""1996"",
""e_year"": ""2006"",
""mileage"": """",
""color"": [] ,
""kuzov"": ""AE110"",
""rate"": [""2"", ""3.5""],
""countryCode"":""Abu Dhabi"",
""portCode"":""Abu Dhabi"",
""vessleCode"":""RORO VESSEL""
}",FOB        : 168300 ¥‎   1543 $  </br>C&F        : 242099 ¥‎   2220 $ </br>CIF        : 247099 ¥‎   2266 $ , 
2019-03-08 12:35,"{
""company"": ""TOYOTA"",
""model"": ""COROLLA"",
""s_year"": ""1996"",
""e_year"": ""2006"",
""mileage"": """",
""color"": [] ,
""kuzov"": ""AE110"",
""rate"": [""2"", ""3.5""],
""countryCode"":""Abu Dhabi"",
""portCode"":""Abu Dhabi"",
""vessleCode"":""RORO VESSEL""
}",FOB        : 168300 ¥‎   -84150 $  </br>C&F        : 170241 ¥‎   -85120 $ </br>CIF        : 175241 ¥‎   -87620 $ , 
2019-03-08 12:35,"{
""company"": ""TOYOTA"",
""model"": ""COROLLA"",
""s_year"": ""1996"",
""e_year"": ""2006"",
""mileage"": """",
""color"": [] ,
""kuzov"": ""AE110"",
""rate"": [""2"", ""3.5""],
""countryCode"":""Abu Dhabi"",
""portCode"":""Abu Dhabi"",
""vessleCode"":""RORO VESSEL""
}",FOB        : 168300 ¥‎   -84150 $  </br>C&F        : 170241 ¥‎   -85120 $ </br>CIF        : 175241 ¥‎   -87620 $ , 
2019-03-08 12:37,"{
""company"": ""TOYOTA"",
""model"": ""COROLLA"",
""s_year"": ""1996"",
""e_year"": ""2006"",
""mileage"": """",
""color"": [] ,
""kuzov"": ""AE110"",
""rate"": [""2"", ""3.5""],
""countryCode"":""Abu Dhabi"",
""portCode"":""Abu Dhabi"",
""vessleCode"":""RORO VESSEL""
}",FOB        : 168300 ¥‎   -84150 $  </br>C&F        : 170241 ¥‎   -85120 $ </br>CIF        : 175241 ¥‎   -87620 $ , 
2019-03-08 12:37,"{
""company"": ""TOYOTA"",
""model"": ""COROLLA"",
""s_year"": ""1996"",
""e_year"": ""2006"",
""mileage"": """",
""color"": [] ,
""kuzov"": ""AE110"",
""rate"": [""2"", ""3.5""],
""countryCode"":""Abu Dhabi"",
""portCode"":""Abu Dhabi"",
""vessleCode"":""RORO VESSEL""
}",FOB        : 168300 ¥‎   -84150 $  </br>C&F        : 170241 ¥‎   -85120 $ </br>CIF        : 175241 ¥‎   -87620 $ , 
2019-03-08 12:44,"{
""company"": ""TOYOTA"",
""model"": ""COROLLA"",
""s_year"": ""1996"",
""e_year"": ""2006"",
""mileage"": """",
""color"": [] ,
""kuzov"": ""AE110"",
""rate"": [""2"", ""3.5""],
""countryCode"":""Abu Dhabi"",
""portCode"":""Abu Dhabi"",
""vessleCode"":""RORO VESSEL""
}",FOB        : 168300 ¥‎   -84150 $  </br>C&F        : 170241 ¥‎   -85120 $ </br>CIF        : 175241 ¥‎   -87620 $ , 
2019-03-08 12:44,"{
""company"": ""TOYOTA"",
""model"": ""COROLLA"",
""s_year"": ""1996"",
""e_year"": ""2006"",
""mileage"": """",
""color"": [] ,
""kuzov"": ""AE110"",
""rate"": [""2"", ""3.5""],
""countryCode"":""Abu Dhabi"",
""portCode"":""Abu Dhabi"",
""vessleCode"":""RORO VESSEL""
}",FOB        : 168300 ¥‎   -84150 $  </br>C&F        : 170241 ¥‎   -85120 $ </br>CIF        : 175241 ¥‎   -87620 $ , 
2019-03-08 12:45,"{
""company"": ""TOYOTA"",
""model"": ""COROLLA"",
""s_year"": ""1996"",
""e_year"": ""2006"",
""mileage"": """",
""color"": [] ,
""kuzov"": ""AE110"",
""rate"": [""2"", ""3.5""],
""countryCode"":""Abu Dhabi"",
""portCode"":""Abu Dhabi"",
""vessleCode"":""RORO VESSEL""
}",FOB        : 168300 ¥‎   -84150 $  </br>C&F        : 170241 ¥‎   -85120 $ </br>CIF        : 175241 ¥‎   -87620 $ , 
2019-03-08 12:45,"{
""company"": ""TOYOTA"",
""model"": ""COROLLA"",
""s_year"": ""1996"",
""e_year"": ""2006"",
""mileage"": """",
""color"": [] ,
""kuzov"": ""AE110"",
""rate"": [""2"", ""3.5""],
""countryCode"":""Abu Dhabi"",
""portCode"":""Abu Dhabi"",
""vessleCode"":""RORO VESSEL""
}",FOB        : 168300 ¥‎   -84150 $  </br>C&F        : 170241 ¥‎   -85120 $ </br>CIF        : 175241 ¥‎   -87620 $ , 
2019-03-08 12:49,"{
""company"": ""TOYOTA"",
""model"": ""COROLLA"",
""s_year"": ""1996"",
""e_year"": ""2006"",
""mileage"": """",
""color"": [] ,
""kuzov"": ""AE110"",
""rate"": [""2"", ""3.5""],
""countryCode"":""Abu Dhabi"",
""portCode"":""Abu Dhabi"",
""vessleCode"":""RORO VESSEL""
}",FOB        : 168300 ¥‎   -84150 $  </br>C&F        : 170241 ¥‎   -85120 $ </br>CIF        : 175241 ¥‎   -87620 $ , 
2019-03-08 12:51,"{
""company"": ""TOYOTA"",
""model"": ""COROLLA"",
""s_year"": ""1996"",
""e_year"": ""2006"",
""mileage"": """",
""color"": [] ,
""kuzov"": ""AE110"",
""rate"": [""2"", ""3.5""],
""countryCode"":""Abu Dhabi"",
""portCode"":""Abu Dhabi"",
""vessleCode"":""RORO VESSEL""
}",FOB        : 168300 ¥‎   -84150 $  </br>C&F        : 170241 ¥‎   -85120 $ </br>CIF        : 175241 ¥‎   -87620 $ , 
2019-03-08 12:52,"{
""company"": ""TOYOTA"",
""model"": ""COROLLA"",
""s_year"": ""1996"",
""e_year"": ""2006"",
""mileage"": """",
""color"": [] ,
""kuzov"": ""AE110"",
""rate"": [""2"", ""3.5""],
""countryCode"":""Abu Dhabi"",
""portCode"":""Abu Dhabi"",
""vessleCode"":""RORO VESSEL""
}",FOB        : 168300 ¥‎   -84150 $  </br>C&F        : 170241 ¥‎   -85120 $ </br>CIF        : 175241 ¥‎   -87620 $ , 
2019-03-08 12:53,"{
""company"": ""TOYOTA"",
""model"": ""COROLLA"",
""s_year"": ""1996"",
""e_year"": ""2006"",
""mileage"": """",
""color"": [] ,
""kuzov"": ""AE110"",
""rate"": [""2"", ""3.5""],
""countryCode"":""Abu Dhabi"",
""portCode"":""Abu Dhabi"",
""vessleCode"":""RORO VESSEL""
}",FOB        : 168300 ¥‎   -84150 $  </br>C&F        : 170241 ¥‎   -85120 $ </br>CIF        : 175241 ¥‎   -87620 $ , 
2019-03-08 12:54,"{
""company"": ""TOYOTA"",
""model"": ""COROLLA"",
""s_year"": ""1996"",
""e_year"": ""2006"",
""mileage"": """",
""color"": [] ,
""kuzov"": ""AE110"",
""rate"": [""2"", ""3.5""],
""countryCode"":""Abu Dhabi"",
""portCode"":""Abu Dhabi"",
""vessleCode"":""RORO VESSEL""
}",FOB        : 168300 ¥‎   -84150 $  </br>C&F        : 170241 ¥‎   -85120 $ </br>CIF        : 175241 ¥‎   -87620 $ , 
2019-03-12 11:22,"{
""company"": ""ALFAROMEO"",
""model"": ""147"",
""s_year"": ""2001"",
""e_year"": ""2010"",
""mileage"": ""17000- 109000"",
""color"": [] ,
""kuzov"": ""937AB"",
""rate"": [],
""countryCode"":""Abu Dhabi"",
""portCode"":""Abu Dhabi"",
""vessleCode"":""RORO VESSEL""
}",FOB        : 91620 ¥‎   837 $  </br>C&F        : 169357 ¥‎   1548 $ </br>CIF        : 174357 ¥‎   1594 $ , 
2019-03-22 12:49,"{
""company"": ""TOYOTA"",
""model"": ""ALLEX"",
""s_year"": ""2001"",
""e_year"": ""2013"",
""mileage"": ""0- 121000"",
""color"": [] ,
""kuzov"": ""NZE121"",
""rate"": [],
""countryCode"":""Abu Dhabi"",
""portCode"":""Abu Dhabi"",
""vessleCode"":""RORO VESSEL""
}",FOB        : 202860 ¥‎   1864 $  </br>C&F        : 283364 ¥‎   2604 $ </br>CIF        : 288364 ¥‎   2650 $ , 
2019-03-22 12:50,"{
""company"": ""TOYOTA"",
""model"": ""ALLEX"",
""s_year"": ""2001"",
""e_year"": ""2013"",
""mileage"": ""0- 121000"",
""color"": [] ,
""kuzov"": ""NZE121"",
""rate"": [],
""countryCode"":""Abu Dhabi"",
""portCode"":""Abu Dhabi"",
""vessleCode"":""RORO VESSEL""
}",FOB        : 202860 ¥‎   1864 $  </br>C&F        : 283364 ¥‎   2604 $ </br>CIF        : 288364 ¥‎   2650 $ , 
2019-03-22 12:53,"{
""company"": ""TOYOTA"",
""model"": ""AQUA"",
""s_year"": ""2009"",
""e_year"": ""2014"",
""mileage"": ""48000- 102000"",
""color"": [] ,
""kuzov"": ""NHP10"",
""rate"": [],
""countryCode"":""Abu Dhabi"",
""portCode"":""Abu Dhabi"",
""vessleCode"":""RORO VESSEL""
}",FOB        : 874620 ¥‎   8039 $  </br>C&F        : 949207 ¥‎   8724 $ </br>CIF        : 954207 ¥‎   8770 $ , 
2019-04-18 18:23,"{
""company"": ""ALFAROMEO"",
""model"": ""155"",
""s_year"": ""1997"",
""e_year"": ""1998"",
""mileage"": ""0- 121000"",
""color"": [] ,
""kuzov"": ""167A1E"",
""rate"": [],
""countryCode"":""Abu Dhabi"",
""portCode"":""Abu Dhabi"",
""vessleCode"":""RORO VESSEL""
}",FOB        : 92700 ¥‎   843 $  </br>C&F        : 173540 ¥‎   1579 $ </br>CIF        : 178540 ¥‎   1624 $ , 
2019-04-18 18:24,"{
""company"": ""TOYOTA"",
""model"": ""86"",
""s_year"": ""2005"",
""e_year"": ""2018"",
""mileage"": ""0- 121000"",
""color"": [] ,
""kuzov"": ""NZE121G"",
""rate"": [""4""],
""countryCode"":""Abu Dhabi"",
""portCode"":""Abu Dhabi"",
""vessleCode"":""RORO VESSEL""
}",FOB        : 183420 ¥‎   1669 $  </br>C&F        : 267505 ¥‎   2434 $ </br>CIF        : 272505 ¥‎   2479 $ , 
2019-04-18 18:54,"{
""company"": ""ALFAROMEO"",
""model"": ""147"",
""s_year"": ""2001"",
""e_year"": ""2010"",
""mileage"": ""0- 121000"",
""color"": [] ,
""kuzov"": ""937AB"",
""rate"": [],
""countryCode"":""Abu Dhabi"",
""portCode"":""Abu Dhabi"",
""vessleCode"":""RORO VESSEL""
}",FOB        : 92700 ¥‎   843 $  </br>C&F        : 170811 ¥‎   1554 $ </br>CIF        : 175811 ¥‎   1599 $ , 
2019-04-18 18:56,"{
""company"": ""ALFAROMEO"",
""model"": ""147"",
""s_year"": ""2001"",
""e_year"": ""2010"",
""mileage"": ""0- 121000"",
""color"": [] ,
""kuzov"": ""937AB"",
""rate"": [],
""countryCode"":""Abu Dhabi"",
""portCode"":""Abu Dhabi"",
""vessleCode"":""RORO VESSEL""
}",FOB        : 92700 ¥‎   843 $  </br>C&F        : 170811 ¥‎   1554 $ </br>CIF        : 175811 ¥‎   1599 $ , 
2019-04-18 18:56,"{
""company"": ""ALFAROMEO"",
""model"": ""147"",
""s_year"": ""2001"",
""e_year"": ""2010"",
""mileage"": ""0- 121000"",
""color"": [] ,
""kuzov"": ""937AB"",
""rate"": [],
""countryCode"":""Abu Dhabi"",
""portCode"":""Abu Dhabi"",
""vessleCode"":""RORO VESSEL""
}",FOB        : 140000 ¥‎   1274 $  </br>C&F        : 218111 ¥‎   1984 $ </br>CIF        : 223111 ¥‎   2030 $ ,</br><strong>Average Price      : </strong>40000 ¥‎ </br><strong>Slab Rate          : </strong>100000 ¥‎</br><strong>Inspection Fee     : </strong>0 ¥‎</br><strong>LC Charge          : </strong>0 ¥‎</br><strong>Ocean Freight      : </strong>78111 ¥‎</br><strong>Miscellaneous Fee  : </strong>0 ¥‎ </br>
2019-04-19 10:23,"{
""company"": ""TOYOTA"",
""model"": ""ALLEX"",
""s_year"": ""2001"",
""e_year"": ""2013"",
""mileage"": """",
""color"": [] ,
""kuzov"": ""NZE121"",
""rate"": [],
""countryCode"":""Abu Dhabi"",
""portCode"":""Abu Dhabi"",
""vessleCode"":""RORO VESSEL""
}",FOB        : 209340 ¥‎   1904 $  </br>C&F        : 290644 ¥‎   2644 $ </br>CIF        : 295644 ¥‎   2689 $ , 
2019-04-24 13:29,"{
""company"": ""TOYOTA"",
""model"": ""ALLEX"",
""s_year"": ""2001"",
""e_year"": ""2013"",
""mileage"": ""0- 121000"",
""color"": [] ,
""kuzov"": ""NZE121"",
""rate"": [],
""countryCode"":""Abu Dhabi"",
""portCode"":""Abu Dhabi"",
""vessleCode"":""RORO VESSEL""
}",FOB        : 202860 ¥‎   1847 $  </br>C&F        : 284086 ¥‎   2587 $ </br>CIF        : 289086 ¥‎   2632 $ , 
2019-04-24 13:30,"{
""company"": ""TOYOTA"",
""model"": ""ALLEX"",
""s_year"": ""2001"",
""e_year"": ""2013"",
""mileage"": ""0- 121000"",
""color"": [] ,
""kuzov"": ""NZE121"",
""rate"": [],
""countryCode"":""Abu Dhabi"",
""portCode"":""Abu Dhabi"",
""vessleCode"":""RORO VESSEL""
}",FOB        : 202860 ¥‎   1847 $  </br>C&F        : 284086 ¥‎   2587 $ </br>CIF        : 289086 ¥‎   2632 $ , 
2019-04-24 13:35,"{
""company"": ""TOYOTA"",
""model"": ""ALLEX"",
""s_year"": ""2001"",
""e_year"": ""2013"",
""mileage"": ""0- 121000"",
""color"": [] ,
""kuzov"": ""NZE121"",
""rate"": [],
""countryCode"":""Abu Dhabi"",
""portCode"":""Abu Dhabi"",
""vessleCode"":""RORO VESSEL""
}",FOB        : 202860 ¥‎   1847 $  </br>C&F        : 284086 ¥‎   2587 $ </br>CIF        : 289086 ¥‎   2632 $ , 
2019-04-24 14:25,"{
""company"": ""TOYOTA"",
""model"": ""ALLEX"",
""s_year"": ""2001"",
""e_year"": ""2013"",
""mileage"": ""0- 121000"",
""color"": [] ,
""kuzov"": ""NZE121"",
""rate"": [],
""countryCode"":""Abu Dhabi"",
""portCode"":""Abu Dhabi"",
""vessleCode"":""RORO VESSEL""
}",FOB        : 202860 ¥‎   1846 $  </br>C&F        : 284100 ¥‎   2586 $ </br>CIF        : 289100 ¥‎   2632 $ , 
2019-04-24 14:30,"{
""company"": ""NISSAN"",
""model"": ""180 SX"",
""s_year"": ""1990"",
""e_year"": ""2004"",
""mileage"": ""0- 121000"",
""color"": [] ,
""kuzov"": ""KRPS 13 K"",
""rate"": [],
""countryCode"":""Abu Dhabi"",
""portCode"":""Abu Dhabi"",
""vessleCode"":""RORO VESSEL""
}",FOB        : 482580 ¥‎   4393 $  </br>C&F        :  - </br>CIF        :  - , 
2019-04-24 14:31,"{
""company"": ""TOYOTA"",
""model"": ""ALLEX"",
""s_year"": ""2001"",
""e_year"": ""2013"",
""mileage"": ""0- 121000"",
""color"": [] ,
""kuzov"": ""NZE121"",
""rate"": [],
""countryCode"":""Abu Dhabi"",
""portCode"":""Abu Dhabi"",
""vessleCode"":""RORO VESSEL""
}",FOB        : 202860 ¥‎   1846 $  </br>C&F        : 284100 ¥‎   2586 $ </br>CIF        : 289100 ¥‎   2632 $ , 
2019-04-24 14:32,"{
""company"": ""TOYOTA"",
""model"": ""COROLLA"",
""s_year"": ""1990"",
""e_year"": ""2016"",
""mileage"": ""0- 121000"",
""color"": [] ,
""kuzov"": ""AE114"",
""rate"": [],
""countryCode"":""Abu Dhabi"",
""portCode"":""Abu Dhabi"",
""vessleCode"":""RORO VESSEL""
}",FOB        : 138060 ¥‎   1256 $  </br>C&F        : 213402 ¥‎   1942 $ </br>CIF        : 218402 ¥‎   1988 $ , 
2019-04-24 14:32,"{
""company"": ""TOYOTA"",
""model"": ""COROLLA"",
""s_year"": ""1990"",
""e_year"": ""2016"",
""mileage"": ""0- 121000"",
""color"": [] ,
""kuzov"": ""NZE121"",
""rate"": [],
""countryCode"":""Abu Dhabi"",
""portCode"":""Abu Dhabi"",
""vessleCode"":""RORO VESSEL""
}",FOB        : 233100 ¥‎   2122 $  </br>C&F        : 314340 ¥‎   2861 $ </br>CIF        : 319340 ¥‎   2907 $ , 
2019-04-24 16:34,"{
""company"": ""TOYOTA"",
""model"": ""ALLEX"",
""s_year"": ""2001"",
""e_year"": ""2013"",
""mileage"": ""0- 121000"",
""color"": [] ,
""kuzov"": ""NZE121"",
""rate"": [],
""countryCode"":""Abu Dhabi"",
""portCode"":""Abu Dhabi"",
""vessleCode"":""RORO VESSEL""
}",FOB        : 202860 ¥‎   1846 $  </br>C&F        : 284121 ¥‎   2586 $ </br>CIF        : 289121 ¥‎   2631 $ , 
2019-04-24 16:35,"{
""company"": ""TOYOTA"",
""model"": ""ALLEX"",
""s_year"": ""2001"",
""e_year"": ""2013"",
""mileage"": ""0- 121000"",
""color"": [] ,
""kuzov"": ""NZE121"",
""rate"": [],
""countryCode"":""Abu Dhabi"",
""portCode"":""Abu Dhabi"",
""vessleCode"":""RORO VESSEL""
}",FOB        : 202860 ¥‎   1846 $  </br>C&F        : 284121 ¥‎   2586 $ </br>CIF        : 289121 ¥‎   2631 $ , 
2019-04-24 16:38,"{
""company"": ""TOYOTA"",
""model"": ""ALLEX"",
""s_year"": ""2001"",
""e_year"": ""2013"",
""mileage"": ""0- 121000"",
""color"": [] ,
""kuzov"": ""NZE121"",
""rate"": [],
""countryCode"":""Abu Dhabi"",
""portCode"":""Abu Dhabi"",
""vessleCode"":""RORO VESSEL""
}",FOB        : 202860 ¥‎   1846 $  </br>C&F        : 284121 ¥‎   2586 $ </br>CIF        : 289121 ¥‎   2631 $ , 
2019-04-24 16:43,"{
""company"": ""TOYOTA"",
""model"": ""ALLEX"",
""s_year"": ""2001"",
""e_year"": ""2013"",
""mileage"": ""0- 121000"",
""color"": [] ,
""kuzov"": ""NZE121"",
""rate"": [],
""countryCode"":""Abu Dhabi"",
""portCode"":""Abu Dhabi"",
""vessleCode"":""RORO VESSEL""
}",FOB        : 202860 ¥‎   1846 $  </br>C&F        : 284121 ¥‎   2586 $ </br>CIF        : 289121 ¥‎   2631 $ , 
2019-04-24 17:53,"{
""company"": ""AUDI"",
""model"": ""A3"",
""s_year"": ""2000"",
""e_year"": ""2018"",
""mileage"": ""0- 121000"",
""color"": [] ,
""kuzov"": ""8PBLR"",
""rate"": [],
""countryCode"":""Abu Dhabi"",
""portCode"":""Abu Dhabi"",
""vessleCode"":""RORO VESSEL""
}",FOB        : 169380 ¥‎   1541 $  </br>C&F        : 248791 ¥‎   2264 $ </br>CIF        : 253791 ¥‎   2310 $ , 
2019-04-24 18:29,"{
""company"": ""TOYOTA"",
""model"": ""ALLION"",
""s_year"": ""1997"",
""e_year"": ""2018"",
""mileage"": ""0- 121000"",
""color"": [] ,
""kuzov"": ""NHP10"",
""rate"": [],
""countryCode"":""Abu Dhabi"",
""portCode"":""Abu Dhabi"",
""vessleCode"":""RORO VESSEL""
}",FOB        : 936720 ¥‎   8529 $  </br>C&F        : 1011982 ¥‎   9214 $ </br>CIF        : 1016982 ¥‎   9260 $ , 
2019-04-24 18:29,"{
""company"": ""TOYOTA"",
""model"": ""ALLION"",
""s_year"": ""1997"",
""e_year"": ""2018"",
""mileage"": ""0- 121000"",
""color"": [] ,
""kuzov"": ""NHP10"",
""rate"": [],
""countryCode"":""Abu Dhabi"",
""portCode"":""Abu Dhabi"",
""vessleCode"":""RORO VESSEL""
}",FOB        : 936720 ¥‎   8529 $  </br>C&F        : 1011982 ¥‎   9214 $ </br>CIF        : 1016982 ¥‎   9260 $ , 
2019-04-24 18:31,"{
""company"": ""TOYOTA"",
""model"": ""COROLLA"",
""s_year"": ""1979"",
""e_year"": ""2015"",
""mileage"": ""0- 121000"",
""color"": [] ,
""kuzov"": ""NZE121"",
""rate"": [],
""countryCode"":""Abu Dhabi"",
""portCode"":""Abu Dhabi"",
""vessleCode"":""RORO VESSEL""
}",FOB        : 233100 ¥‎   2122 $  </br>C&F        : 314333 ¥‎   2862 $ </br>CIF        : 319333 ¥‎   2907 $ , 
2019-04-24 18:32,"{
""company"": ""TOYOTA"",
""model"": ""COROLLA"",
""s_year"": ""1979"",
""e_year"": ""2015"",
""mileage"": ""0- 121000"",
""color"": [] ,
""kuzov"": ""NZE121"",
""rate"": [],
""countryCode"":""Abu Dhabi"",
""portCode"":""Abu Dhabi"",
""vessleCode"":""RORO VESSEL""
}",FOB        : 233100 ¥‎   2122 $  </br>C&F        : 314333 ¥‎   2862 $ </br>CIF        : 319333 ¥‎   2907 $ , 
2019-04-24 18:46,"{
""company"": ""TOYOTA"",
""model"": ""ALLION"",
""s_year"": ""1997"",
""e_year"": ""2018"",
""mileage"": ""0- 121000"",
""color"": [] ,
""kuzov"": ""NHP10"",
""rate"": [],
""countryCode"":""Abu Dhabi"",
""portCode"":""Abu Dhabi"",
""vessleCode"":""RORO VESSEL""
}",FOB        : 936720 ¥‎   8529 $  </br>C&F        : 1011982 ¥‎   9214 $ </br>CIF        : 1016982 ¥‎   9260 $ , 
2019-04-24 18:47,"{
""company"": ""TOYOTA"",
""model"": ""COROLLA"",
""s_year"": ""1979"",
""e_year"": ""2016"",
""mileage"": ""0- 121000"",
""color"": [] ,
""kuzov"": ""NZE121"",
""rate"": [],
""countryCode"":""Abu Dhabi"",
""portCode"":""Abu Dhabi"",
""vessleCode"":""RORO VESSEL""
}",FOB        : 233100 ¥‎   2122 $  </br>C&F        : 314333 ¥‎   2862 $ </br>CIF        : 319333 ¥‎   2907 $ , 
2019-04-24 18:57,"{
""company"": ""TOYOTA"",
""model"": ""COROLLA"",
""s_year"": ""1979"",
""e_year"": ""2016"",
""mileage"": ""0- 121000"",
""color"": [] ,
""kuzov"": ""NZE121"",
""rate"": [],
""countryCode"":""Abu Dhabi"",
""portCode"":""Abu Dhabi"",
""vessleCode"":""RORO VESSEL""
}",FOB        : 233100 ¥‎   2121 $  </br>C&F        : 314368 ¥‎   2861 $ </br>CIF        : 319368 ¥‎   2906 $ , 
2019-04-24 18:59,"{
""company"": ""TOYOTA"",
""model"": ""COROLLA"",
""s_year"": ""1979"",
""e_year"": ""2016"",
""mileage"": ""0- 121000"",
""color"": [] ,
""kuzov"": ""NZE121"",
""rate"": [],
""countryCode"":""Abu Dhabi"",
""portCode"":""Abu Dhabi"",
""vessleCode"":""RORO VESSEL""
}",FOB        : 233100 ¥‎   2121 $  </br>C&F        : 314368 ¥‎   2861 $ </br>CIF        : 319368 ¥‎   2906 $ , 
2019-04-25 10:51,"{
""company"": ""TOYOTA"",
""model"": ""ALPHARD"",
""s_year"": ""2001"",
""e_year"": ""2018"",
""mileage"": ""0- 121000"",
""color"": [] ,
""kuzov"": ""AGH30W"",
""rate"": [],
""countryCode"":""Abu Dhabi"",
""portCode"":""Abu Dhabi"",
""vessleCode"":""RORO VESSEL""
}",FOB        : 4047660 ¥‎   36803 $  </br>C&F        : 4174477 ¥‎   37957 $ </br>CIF        : 4179477 ¥‎   38002 $ , 
2019-04-25 10:54,"{
""company"": ""TOYOTA"",
""model"": ""COROLLA AXIO"",
""s_year"": ""1997"",
""e_year"": ""2019"",
""mileage"": ""0- 121000"",
""color"": [] ,
""kuzov"": ""NZE141"",
""rate"": [],
""countryCode"":""Abu Dhabi"",
""portCode"":""Abu Dhabi"",
""vessleCode"":""RORO VESSEL""
}",FOB        : 287100 ¥‎   2610 $  </br>C&F        : 372137 ¥‎   3383 $ </br>CIF        : 377137 ¥‎   3429 $ , 
2019-04-25 12:02,"{
""company"": ""HONDA"",
""model"": ""FIT"",
""s_year"": ""1995"",
""e_year"": ""2018"",
""mileage"": ""0- 121000"",
""color"": [] ,
""kuzov"": ""GD1"",
""rate"": [],
""countryCode"":""Abu Dhabi"",
""portCode"":""Abu Dhabi"",
""vessleCode"":""RORO VESSEL""
}",FOB        : 100260 ¥‎   911 $  </br>C&F        : 172803 ¥‎   1571 $ </br>CIF        : 177803 ¥‎   1617 $ , 
2019-04-25 12:03,"{
""company"": ""HONDA"",
""model"": ""FIT"",
""s_year"": ""1995"",
""e_year"": ""2018"",
""mileage"": ""0- 121000"",
""color"": [] ,
""kuzov"": ""GD1"",
""rate"": [],
""countryCode"":""Abu Dhabi"",
""portCode"":""Abu Dhabi"",
""vessleCode"":""RORO VESSEL""
}",FOB        : 100260 ¥‎   911 $  </br>C&F        : 172803 ¥‎   1571 $ </br>CIF        : 177803 ¥‎   1617 $ , 
2019-04-25 12:03,"{
""company"": ""HONDA"",
""model"": ""FIT"",
""s_year"": ""1995"",
""e_year"": ""2018"",
""mileage"": ""0- 121000"",
""color"": [] ,
""kuzov"": ""GD1"",
""rate"": [],
""countryCode"":""Abu Dhabi"",
""portCode"":""Abu Dhabi"",
""vessleCode"":""RORO VESSEL""
}",FOB        : 100260 ¥‎   911 $  </br>C&F        : 172803 ¥‎   1571 $ </br>CIF        : 177803 ¥‎   1617 $ , 
2019-04-25 12:11,"{
""company"": ""TOYOTA"",
""model"": ""COROLLA AXIO"",
""s_year"": ""1997"",
""e_year"": ""2019"",
""mileage"": ""0- 121000"",
""color"": [] ,
""kuzov"": ""NKE165"",
""rate"": [],
""countryCode"":""Abu Dhabi"",
""portCode"":""Abu Dhabi"",
""vessleCode"":""RORO VESSEL""
}",FOB        : 1090080 ¥‎   9914 $  </br>C&F        : 1172659 ¥‎   10665 $ </br>CIF        : 1177659 ¥‎   10710 $ , 
2019-04-25 12:13,"{
""company"": ""HONDA"",
""model"": ""FIT"",
""s_year"": ""1995"",
""e_year"": ""2018"",
""mileage"": ""0- 121000"",
""color"": [] ,
""kuzov"": ""GD1"",
""rate"": [],
""countryCode"":""Abu Dhabi"",
""portCode"":""Abu Dhabi"",
""vessleCode"":""RORO VESSEL""
}",FOB        : 100260 ¥‎   911 $  </br>C&F        : 172803 ¥‎   1571 $ </br>CIF        : 177803 ¥‎   1617 $ , 
2019-04-25 12:16,"{
""company"": ""HONDA"",
""model"": ""FIT"",
""s_year"": ""1995"",
""e_year"": ""2017"",
""mileage"": ""0- 121000"",
""color"": [] ,
""kuzov"": ""GD1"",
""rate"": [],
""countryCode"":""Abu Dhabi"",
""portCode"":""Abu Dhabi"",
""vessleCode"":""RORO VESSEL""
}",FOB        : 100260 ¥‎   912 $  </br>C&F        : 172784 ¥‎   1571 $ </br>CIF        : 177784 ¥‎   1617 $ , 
2019-04-25 12:18,"{
""company"": ""HONDA"",
""model"": ""FIT"",
""s_year"": ""1995"",
""e_year"": ""2018"",
""mileage"": ""0- 121000"",
""color"": [] ,
""kuzov"": ""GD1"",
""rate"": [],
""countryCode"":""Abu Dhabi"",
""portCode"":""Abu Dhabi"",
""vessleCode"":""RORO VESSEL""
}",FOB        : 100260 ¥‎   912 $  </br>C&F        : 172784 ¥‎   1571 $ </br>CIF        : 177784 ¥‎   1617 $ , 
2019-04-25 12:21,"{
""company"": ""HONDA"",
""model"": ""FIT"",
""s_year"": ""1995"",
""e_year"": ""2018"",
""mileage"": ""0- 121000"",
""color"": [] ,
""kuzov"": ""GD1"",
""rate"": [],
""countryCode"":""Abu Dhabi"",
""portCode"":""Abu Dhabi"",
""vessleCode"":""RORO VESSEL""
}",FOB        : 100260 ¥‎   912 $  </br>C&F        : 172784 ¥‎   1571 $ </br>CIF        : 177784 ¥‎   1617 $ , 
2019-04-25 12:23,"{
""company"": ""HONDA"",
""model"": ""FIT"",
""s_year"": ""1995"",
""e_year"": ""2018"",
""mileage"": ""0- 121000"",
""color"": [] ,
""kuzov"": ""GD1"",
""rate"": [],
""countryCode"":""Abu Dhabi"",
""portCode"":""Abu Dhabi"",
""vessleCode"":""RORO VESSEL""
}",FOB        : 100260 ¥‎   912 $  </br>C&F        : 172784 ¥‎   1571 $ </br>CIF        : 177784 ¥‎   1617 $ , 
2019-04-25 12:26,"{
""company"": ""HONDA"",
""model"": ""FIT"",
""s_year"": ""1995"",
""e_year"": ""2018"",
""mileage"": ""0- 121000"",
""color"": [] ,
""kuzov"": ""GD1"",
""rate"": [],
""countryCode"":""Abu Dhabi"",
""portCode"":""Abu Dhabi"",
""vessleCode"":""RORO VESSEL""
}",FOB        : 100260 ¥‎   912 $  </br>C&F        : 172784 ¥‎   1571 $ </br>CIF        : 177784 ¥‎   1617 $ , 
2019-04-25 12:28,"{
""company"": ""HONDA"",
""model"": ""FIT"",
""s_year"": ""1995"",
""e_year"": ""2018"",
""mileage"": ""0- 121000"",
""color"": [] ,
""kuzov"": ""GD1"",
""rate"": [],
""countryCode"":""Abu Dhabi"",
""portCode"":""Abu Dhabi"",
""vessleCode"":""RORO VESSEL""
}",FOB        : 100260 ¥‎   912 $  </br>C&F        : 172784 ¥‎   1571 $ </br>CIF        : 177784 ¥‎   1617 $ , 
2019-04-25 12:34,"{
""company"": ""HONDA"",
""model"": ""FIT"",
""s_year"": ""1995"",
""e_year"": ""2018"",
""mileage"": ""0- 121000"",
""color"": [] ,
""kuzov"": ""GD1"",
""rate"": [],
""countryCode"":""Abu Dhabi"",
""portCode"":""Abu Dhabi"",
""vessleCode"":""RORO VESSEL""
}",FOB        : 100260 ¥‎   912 $  </br>C&F        : 172784 ¥‎   1571 $ </br>CIF        : 177784 ¥‎   1617 $ , 
2019-04-25 12:35,"{
""company"": ""HONDA"",
""model"": ""FIT"",
""s_year"": ""1995"",
""e_year"": ""2018"",
""mileage"": ""0- 121000"",
""color"": [] ,
""kuzov"": ""GD1"",
""rate"": [],
""countryCode"":""Abu Dhabi"",
""portCode"":""Abu Dhabi"",
""vessleCode"":""RORO VESSEL""
}",FOB        : 100260 ¥‎   912 $  </br>C&F        : 172784 ¥‎   1571 $ </br>CIF        : 177784 ¥‎   1617 $ , 
2019-04-25 12:39,"{
""company"": ""HONDA"",
""model"": ""FIT"",
""s_year"": ""1995"",
""e_year"": ""2018"",
""mileage"": ""0- 121000"",
""color"": [] ,
""kuzov"": ""GD1"",
""rate"": [],
""countryCode"":""Abu Dhabi"",
""portCode"":""Abu Dhabi"",
""vessleCode"":""RORO VESSEL""
}",FOB        : 100260 ¥‎   912 $  </br>C&F        : 172784 ¥‎   1571 $ </br>CIF        : 177784 ¥‎   1617 $ , 
2019-04-25 12:41,"{
""company"": ""HONDA"",
""model"": ""FIT"",
""s_year"": ""1995"",
""e_year"": ""2018"",
""mileage"": ""0- 121000"",
""color"": [] ,
""kuzov"": ""GD1"",
""rate"": [],
""countryCode"":""Abu Dhabi"",
""portCode"":""Abu Dhabi"",
""vessleCode"":""RORO VESSEL""
}",FOB        : 100260 ¥‎   912 $  </br>C&F        : 172784 ¥‎   1571 $ </br>CIF        : 177784 ¥‎   1617 $ , 
2019-04-25 12:43,"{
""company"": ""HONDA"",
""model"": ""FIT"",
""s_year"": ""1995"",
""e_year"": ""2018"",
""mileage"": ""0- 121000"",
""color"": [] ,
""kuzov"": ""GD1"",
""rate"": [],
""countryCode"":""Abu Dhabi"",
""portCode"":""Abu Dhabi"",
""vessleCode"":""RORO VESSEL""
}",FOB        : 100260 ¥‎   912 $  </br>C&F        : 172784 ¥‎   1571 $ </br>CIF        : 177784 ¥‎   1617 $ , 
2019-04-25 12:44,"{
""company"": ""HONDA"",
""model"": ""FIT"",
""s_year"": ""1995"",
""e_year"": ""2018"",
""mileage"": ""0- 121000"",
""color"": [] ,
""kuzov"": ""GD1"",
""rate"": [],
""countryCode"":""Abu Dhabi"",
""portCode"":""Abu Dhabi"",
""vessleCode"":""RORO VESSEL""
}",FOB        : 100260 ¥‎   912 $  </br>C&F        : 172784 ¥‎   1571 $ </br>CIF        : 177784 ¥‎   1617 $ , 
2019-04-25 12:45,"{
""company"": ""HONDA"",
""model"": ""FIT"",
""s_year"": ""1995"",
""e_year"": ""2018"",
""mileage"": ""0- 121000"",
""color"": [] ,
""kuzov"": ""GD1"",
""rate"": [],
""countryCode"":""Abu Dhabi"",
""portCode"":""Abu Dhabi"",
""vessleCode"":""RORO VESSEL""
}",FOB        : 100260 ¥‎   912 $  </br>C&F        : 172784 ¥‎   1571 $ </br>CIF        : 177784 ¥‎   1617 $ , 
2019-04-25 12:47,"{
""company"": ""HONDA"",
""model"": ""FIT"",
""s_year"": ""1995"",
""e_year"": ""2018"",
""mileage"": ""0- 121000"",
""color"": [] ,
""kuzov"": ""GD1"",
""rate"": [],
""countryCode"":""Abu Dhabi"",
""portCode"":""Abu Dhabi"",
""vessleCode"":""RORO VESSEL""
}",FOB        : 100260 ¥‎   912 $  </br>C&F        : 172784 ¥‎   1571 $ </br>CIF        : 177784 ¥‎   1617 $ , 
2019-04-25 12:49,"{
""company"": ""HONDA"",
""model"": ""FIT"",
""s_year"": ""1995"",
""e_year"": ""2018"",
""mileage"": ""0- 121000"",
""color"": [] ,
""kuzov"": ""GD1"",
""rate"": [],
""countryCode"":""Abu Dhabi"",
""portCode"":""Abu Dhabi"",
""vessleCode"":""RORO VESSEL""
}",FOB        : 100260 ¥‎   912 $  </br>C&F        : 172784 ¥‎   1571 $ </br>CIF        : 177784 ¥‎   1617 $ , 
2019-04-25 12:52,"{
""company"": ""HONDA"",
""model"": ""FIT"",
""s_year"": ""1995"",
""e_year"": ""2018"",
""mileage"": ""0- 121000"",
""color"": [] ,
""kuzov"": ""GD1"",
""rate"": [],
""countryCode"":""Abu Dhabi"",
""portCode"":""Abu Dhabi"",
""vessleCode"":""RORO VESSEL""
}",FOB        : 100260 ¥‎   912 $  </br>C&F        : 172784 ¥‎   1571 $ </br>CIF        : 177784 ¥‎   1617 $ , 
2019-04-25 12:53,"{
""company"": ""HONDA"",
""model"": ""FIT"",
""s_year"": ""1995"",
""e_year"": ""2018"",
""mileage"": ""0- 121000"",
""color"": [] ,
""kuzov"": ""GD1"",
""rate"": [],
""countryCode"":""Abu Dhabi"",
""portCode"":""Abu Dhabi"",
""vessleCode"":""RORO VESSEL""
}",FOB        : 100260 ¥‎   912 $  </br>C&F        : 172784 ¥‎   1571 $ </br>CIF        : 177784 ¥‎   1617 $ , 
2019-04-25 15:46,"{
""company"": ""HONDA"",
""model"": ""FIT"",
""s_year"": ""1995"",
""e_year"": ""2018"",
""mileage"": ""0- 121000"",
""color"": [] ,
""kuzov"": ""GD1"",
""rate"": [],
""countryCode"":""Abu Dhabi"",
""portCode"":""Abu Dhabi"",
""vessleCode"":""RORO VESSEL""
}",FOB        : 100260 ¥‎   912 $  </br>C&F        : 172759 ¥‎   1572 $ </br>CIF        : 177759 ¥‎   1617 $ , 
2019-04-25 15:48,"{
""company"": ""HONDA"",
""model"": ""FIT"",
""s_year"": ""1995"",
""e_year"": ""2018"",
""mileage"": ""0- 121000"",
""color"": [] ,
""kuzov"": ""GD1"",
""rate"": [],
""countryCode"":""Abu Dhabi"",
""portCode"":""Abu Dhabi"",
""vessleCode"":""RORO VESSEL""
}",FOB        : 100260 ¥‎   912 $  </br>C&F        : 172759 ¥‎   1572 $ </br>CIF        : 177759 ¥‎   1617 $ , 
2019-04-25 15:51,"{
""company"": ""HONDA"",
""model"": ""FIT"",
""s_year"": ""1995"",
""e_year"": ""2018"",
""mileage"": ""0- 121000"",
""color"": [] ,
""kuzov"": ""GD1"",
""rate"": [],
""countryCode"":""Abu Dhabi"",
""portCode"":""Abu Dhabi"",
""vessleCode"":""RORO VESSEL""
}",FOB        : 100260 ¥‎   912 $  </br>C&F        : 172759 ¥‎   1572 $ </br>CIF        : 177759 ¥‎   1617 $ , 
2019-04-25 15:56,"{
""company"": ""HONDA"",
""model"": ""FIT"",
""s_year"": ""1995"",
""e_year"": ""2018"",
""mileage"": ""0- 121000"",
""color"": [] ,
""kuzov"": ""GD1"",
""rate"": [],
""countryCode"":""Abu Dhabi"",
""portCode"":""Abu Dhabi"",
""vessleCode"":""RORO VESSEL""
}",FOB        : 100260 ¥‎   912 $  </br>C&F        : 172740 ¥‎   1572 $ </br>CIF        : 177740 ¥‎   1617 $ , 
2019-04-25 15:57,"{
""company"": ""HONDA"",
""model"": ""FIT"",
""s_year"": ""1995"",
""e_year"": ""2018"",
""mileage"": ""0- 121000"",
""color"": [] ,
""kuzov"": ""GD1"",
""rate"": [],
""countryCode"":""Abu Dhabi"",
""portCode"":""Abu Dhabi"",
""vessleCode"":""RORO VESSEL""
}",FOB        : 100260 ¥‎   912 $  </br>C&F        : 172740 ¥‎   1572 $ </br>CIF        : 177740 ¥‎   1617 $ , 
2019-04-25 16:44,"{
""company"": ""HONDA"",
""model"": ""FIT"",
""s_year"": ""1995"",
""e_year"": ""2018"",
""mileage"": ""0- 121000"",
""color"": [] ,
""kuzov"": ""GD1"",
""rate"": [],
""countryCode"":""Abu Dhabi"",
""portCode"":""Abu Dhabi"",
""vessleCode"":""RORO VESSEL""
}",FOB        : 100260 ¥‎   912 $  </br>C&F        : 172740 ¥‎   1572 $ </br>CIF        : 177740 ¥‎   1617 $ , 
2019-04-25 17:04,"{
""company"": ""HONDA"",
""model"": ""FIT"",
""s_year"": ""1995"",
""e_year"": ""2018"",
""mileage"": ""0- 121000"",
""color"": [] ,
""kuzov"": ""GD1"",
""rate"": [],
""countryCode"":""Abu Dhabi"",
""portCode"":""Abu Dhabi"",
""vessleCode"":""RORO VESSEL""
}",FOB        : 100260 ¥‎   912 $  </br>C&F        : 172733 ¥‎   1572 $ </br>CIF        : 177733 ¥‎   1618 $ , 
2019-04-25 17:49,"{
""company"": ""HONDA"",
""model"": ""FIT"",
""s_year"": ""1995"",
""e_year"": ""2018"",
""mileage"": ""0- 121000"",
""color"": [] ,
""kuzov"": ""GD1"",
""rate"": [],
""countryCode"":""Abu Dhabi"",
""portCode"":""Abu Dhabi"",
""vessleCode"":""RORO VESSEL""
}",FOB        : 100260 ¥‎   912 $  </br>C&F        : 172759 ¥‎   1572 $ </br>CIF        : 177759 ¥‎   1617 $ , 
2019-04-25 18:02,"{
""company"": ""TOYOTA"",
""model"": ""COROLLA AXIO"",
""s_year"": ""1997"",
""e_year"": ""2019"",
""mileage"": ""0- 121000"",
""color"": [""silver"", ""white""] ,
""kuzov"": ""NZE141"",
""rate"": [""4"", ""4.5"", ""r""],
""countryCode"":""Abu Dhabi"",
""portCode"":""Abu Dhabi"",
""vessleCode"":""RORO VESSEL""
}",FOB        : 322740 ¥‎   2937 $  </br>C&F        : 407703 ¥‎   3710 $ </br>CIF        : 412703 ¥‎   3756 $ , 
2019-04-25 18:40,"{
""company"": ""HONDA"",
""model"": ""FIT"",
""s_year"": ""1995"",
""e_year"": ""2018"",
""mileage"": ""0- 121000"",
""color"": [""black"", ""blue"", ""green"", ""grey"", ""light green""] ,
""kuzov"": ""GD1"",
""rate"": [""3"", ""3.5"", ""4"", ""r"", ""ra""],
""countryCode"":""Abu Dhabi"",
""portCode"":""Abu Dhabi"",
""vessleCode"":""RORO VESSEL""
}",FOB        : 111060 ¥‎   1010 $  </br>C&F        : 183559 ¥‎   1670 $ </br>CIF        : 188559 ¥‎   1716 $ , 
2019-04-25 18:42,"{
""company"": ""HONDA"",
""model"": ""FIT"",
""s_year"": ""1995"",
""e_year"": ""2018"",
""mileage"": ""0- 121000"",
""color"": [""beige"", ""black"", ""blue"", ""green"", ""grey"", ""light blue"", ""light green"", ""orange"", ""pearl white"", ""purple"", ""silver""] ,
""kuzov"": ""GD1"",
""rate"": [""3"", ""3.5"", ""4"", ""r""],
""countryCode"":""Abu Dhabi"",
""portCode"":""Abu Dhabi"",
""vessleCode"":""RORO VESSEL""
}",FOB        : 106740 ¥‎   972 $  </br>C&F        : 179182 ¥‎   1632 $ </br>CIF        : 184182 ¥‎   1677 $ , 
2019-04-25 18:50,"{
""company"": ""HONDA"",
""model"": ""FIT"",
""s_year"": ""1995"",
""e_year"": ""2018"",
""mileage"": ""0- 121000"",
""color"": [] ,
""kuzov"": ""GD1"",
""rate"": [""0"", ""2"", ""3""],
""countryCode"":""Abu Dhabi"",
""portCode"":""Abu Dhabi"",
""vessleCode"":""RORO VESSEL""
}",FOB        : 90540 ¥‎   824 $  </br>C&F        : 162982 ¥‎   1484 $ </br>CIF        : 167982 ¥‎   1530 $ , 
2019-04-25 19:05,"{
""company"": ""HONDA"",
""model"": ""FIT"",
""s_year"": ""1995"",
""e_year"": ""2018"",
""mileage"": ""0- 121000"",
""color"": [] ,
""kuzov"": ""GD1"",
""rate"": [],
""countryCode"":""Abu Dhabi"",
""portCode"":""Abu Dhabi"",
""vessleCode"":""RORO VESSEL""
}",FOB        : 101340 ¥‎   923 $  </br>C&F        : 173782 ¥‎   1582 $ </br>CIF        : 178782 ¥‎   1628 $ , 
2019-04-25 19:08,"{
""company"": ""HONDA"",
""model"": ""FIT"",
""s_year"": ""1995"",
""e_year"": ""2018"",
""mileage"": ""0- 121000"",
""color"": [] ,
""kuzov"": ""GD1"",
""rate"": [""ra""],
""countryCode"":""Abu Dhabi"",
""portCode"":""Abu Dhabi"",
""vessleCode"":""RORO VESSEL""
}",FOB        : 88380 ¥‎   805 $  </br>C&F        : 160822 ¥‎   1464 $ </br>CIF        : 165822 ¥‎   1510 $ , 
2019-04-25 19:20,"{
""company"": ""HONDA"",
""model"": ""FIT"",
""s_year"": ""1995"",
""e_year"": ""2018"",
""mileage"": ""0- 121000"",
""color"": [] ,
""kuzov"": ""GD1"",
""rate"": [""3.5""],
""countryCode"":""Abu Dhabi"",
""portCode"":""Abu Dhabi"",
""vessleCode"":""RORO VESSEL""
}",FOB        : 117540 ¥‎   1070 $  </br>C&F        : 189982 ¥‎   1730 $ </br>CIF        : 194982 ¥‎   1775 $ , 
2019-04-25 19:36,"{
""company"": ""HONDA"",
""model"": ""FIT"",
""s_year"": ""1995"",
""e_year"": ""2018"",
""mileage"": ""0- 121000"",
""color"": [] ,
""kuzov"": ""GD1"",
""rate"": [""4""],
""countryCode"":""Abu Dhabi"",
""portCode"":""Abu Dhabi"",
""vessleCode"":""RORO VESSEL""
}",FOB        : 134820 ¥‎   1230 $  </br>C&F        : 207129 ¥‎   1890 $ </br>CIF        : 212129 ¥‎   1935 $ , 
2019-04-25 19:39,"{
""company"": ""HONDA"",
""model"": ""FIT"",
""s_year"": ""1995"",
""e_year"": ""2018"",
""mileage"": ""0- 121000"",
""color"": [] ,
""kuzov"": ""GD1"",
""rate"": [""4""],
""countryCode"":""Abu Dhabi"",
""portCode"":""Abu Dhabi"",
""vessleCode"":""RORO VESSEL""
}",FOB        : 111060 ¥‎   1013 $  </br>C&F        : 183369 ¥‎   1673 $ </br>CIF        : 188369 ¥‎   1719 $ , 
2019-04-25 19:41,"{
""company"": ""HONDA"",
""model"": ""FIT"",
""s_year"": ""1995"",
""e_year"": ""2018"",
""mileage"": """",
""color"": [] ,
""kuzov"": ""GD1"",
""rate"": [""ra""],
""countryCode"":""Abu Dhabi"",
""portCode"":""Abu Dhabi"",
""vessleCode"":""RORO VESSEL""
}",FOB        : 88380 ¥‎   806 $  </br>C&F        : 160689 ¥‎   1466 $ </br>CIF        : 165689 ¥‎   1512 $ , 
2019-04-25 19:52,"{
""company"": ""HONDA"",
""model"": ""FIT"",
""s_year"": ""1995"",
""e_year"": ""2018"",
""mileage"": ""0- 121000"",
""color"": [] ,
""kuzov"": ""GD1"",
""rate"": [""4""],
""countryCode"":""Abu Dhabi"",
""portCode"":""Abu Dhabi"",
""vessleCode"":""RORO VESSEL""
}",FOB        : 134820 ¥‎   1230 $  </br>C&F        : 207129 ¥‎   1890 $ </br>CIF        : 212129 ¥‎   1935 $ , 
2019-04-25 19:54,"{
""company"": ""HONDA"",
""model"": ""FIT"",
""s_year"": ""1995"",
""e_year"": ""2018"",
""mileage"": ""0- 121000"",
""color"": [] ,
""kuzov"": ""GD1"",
""rate"": [""4""],
""countryCode"":""Abu Dhabi"",
""portCode"":""Abu Dhabi"",
""vessleCode"":""RORO VESSEL""
}",FOB        : 134820 ¥‎   1230 $  </br>C&F        : 207129 ¥‎   1890 $ </br>CIF        : 212129 ¥‎   1935 $ , 
2019-04-25 19:57,"{
""company"": ""HONDA"",
""model"": ""FIT"",
""s_year"": ""1995"",
""e_year"": ""2018"",
""mileage"": ""0- 121000"",
""color"": [] ,
""kuzov"": ""GD1"",
""rate"": [""ra""],
""countryCode"":""Abu Dhabi"",
""portCode"":""Abu Dhabi"",
""vessleCode"":""RORO VESSEL""
}",FOB        : 88380 ¥‎   806 $  </br>C&F        : 160689 ¥‎   1466 $ </br>CIF        : 165689 ¥‎   1512 $ , 
2019-04-25 19:59,"{
""company"": ""HONDA"",
""model"": ""FIT"",
""s_year"": ""1995"",
""e_year"": ""2018"",
""mileage"": ""0- 121000"",
""color"": [] ,
""kuzov"": ""GD1"",
""rate"": [""4""],
""countryCode"":""Abu Dhabi"",
""portCode"":""Abu Dhabi"",
""vessleCode"":""RORO VESSEL""
}",FOB        : 134820 ¥‎   1230 $  </br>C&F        : 207129 ¥‎   1890 $ </br>CIF        : 212129 ¥‎   1935 $ , 
2019-04-25 20:00,"{
""company"": ""HONDA"",
""model"": ""FIT"",
""s_year"": ""1995"",
""e_year"": ""2018"",
""mileage"": ""0- 121000"",
""color"": [] ,
""kuzov"": ""GD1"",
""rate"": [""4""],
""countryCode"":""Abu Dhabi"",
""portCode"":""Abu Dhabi"",
""vessleCode"":""RORO VESSEL""
}",FOB        : 134820 ¥‎   1230 $  </br>C&F        : 207129 ¥‎   1890 $ </br>CIF        : 212129 ¥‎   1935 $ , 
2019-04-25 20:02,"{
""company"": ""HONDA"",
""model"": ""FIT"",
""s_year"": ""1995"",
""e_year"": ""2018"",
""mileage"": ""0- 121000"",
""color"": [] ,
""kuzov"": ""GD1"",
""rate"": [""4""],
""countryCode"":""Abu Dhabi"",
""portCode"":""Abu Dhabi"",
""vessleCode"":""RORO VESSEL""
}",FOB        : 134820 ¥‎   1230 $  </br>C&F        : 207129 ¥‎   1890 $ </br>CIF        : 212129 ¥‎   1935 $ , 
2019-04-25 20:06,"{
""company"": ""HONDA"",
""model"": ""FIT"",
""s_year"": ""1995"",
""e_year"": ""2018"",
""mileage"": ""0- 121000"",
""color"": [] ,
""kuzov"": ""GD1"",
""rate"": [""4""],
""countryCode"":""Abu Dhabi"",
""portCode"":""Abu Dhabi"",
""vessleCode"":""RORO VESSEL""
}",FOB        : 134820 ¥‎   1230 $  </br>C&F        : 207129 ¥‎   1890 $ </br>CIF        : 212129 ¥‎   1935 $ , 
2019-04-25 20:08,"{
""company"": ""HONDA"",
""model"": ""FIT"",
""s_year"": ""1995"",
""e_year"": ""2018"",
""mileage"": ""0- 121000"",
""color"": [] ,
""kuzov"": ""GD1"",
""rate"": [""4""],
""countryCode"":""Abu Dhabi"",
""portCode"":""Abu Dhabi"",
""vessleCode"":""RORO VESSEL""
}",FOB        : 134820 ¥‎   1230 $  </br>C&F        : 207129 ¥‎   1890 $ </br>CIF        : 212129 ¥‎   1935 $ , 
2019-04-26 10:01,"{
""company"": ""HONDA"",
""model"": ""FIT"",
""s_year"": ""1995"",
""e_year"": ""2018"",
""mileage"": ""0- 106000"",
""color"": [] ,
""kuzov"": ""GD1"",
""rate"": [""4""],
""countryCode"":""Abu Dhabi"",
""portCode"":""Abu Dhabi"",
""vessleCode"":""RORO VESSEL""
}",FOB        : 134820 ¥‎   1229 $  </br>C&F        : 207174 ¥‎   1889 $ </br>CIF        : 212174 ¥‎   1935 $ , 
2019-04-26 10:14,"{
""company"": ""HONDA"",
""model"": ""FIT"",
""s_year"": ""1995"",
""e_year"": ""2018"",
""mileage"": """",
""color"": [] ,
""kuzov"": ""GD1"",
""rate"": [""4""],
""countryCode"":""Abu Dhabi"",
""portCode"":""Abu Dhabi"",
""vessleCode"":""RORO VESSEL""
}",FOB        : 134820 ¥‎   1229 $  </br>C&F        : 207174 ¥‎   1889 $ </br>CIF        : 212174 ¥‎   1935 $ , 
2019-04-26 10:16,"{
""company"": ""HONDA"",
""model"": ""FIT"",
""s_year"": ""1995"",
""e_year"": ""2018"",
""mileage"": """",
""color"": [] ,
""kuzov"": ""GD1"",
""rate"": [""4""],
""countryCode"":""Abu Dhabi"",
""portCode"":""Abu Dhabi"",
""vessleCode"":""RORO VESSEL""
}",FOB        : 134820 ¥‎   1229 $  </br>C&F        : 207167 ¥‎   1889 $ </br>CIF        : 212167 ¥‎   1935 $ , 
2019-04-26 10:17,"{
""company"": ""HONDA"",
""model"": ""FIT"",
""s_year"": ""2004"",
""e_year"": ""2018"",
""mileage"": ""0- 85000"",
""color"": [] ,
""kuzov"": ""GD1"",
""rate"": [""4""],
""countryCode"":""Abu Dhabi"",
""portCode"":""Abu Dhabi"",
""vessleCode"":""RORO VESSEL""
}",FOB        : 134820 ¥‎   1229 $  </br>C&F        : 207167 ¥‎   1889 $ </br>CIF        : 212167 ¥‎   1935 $ , 
2019-04-26 10:23,"{
""company"": ""HONDA"",
""model"": ""FIT"",
""s_year"": ""2003"",
""e_year"": ""2018"",
""mileage"": ""0- 89000"",
""color"": [] ,
""kuzov"": ""GD1"",
""rate"": [""4""],
""countryCode"":""Abu Dhabi"",
""portCode"":""Abu Dhabi"",
""vessleCode"":""RORO VESSEL""
}",FOB        : 134820 ¥‎   1229 $  </br>C&F        : 207167 ¥‎   1889 $ </br>CIF        : 212167 ¥‎   1935 $ , 
2019-04-26 10:24,"{
""company"": ""HONDA"",
""model"": ""FIT"",
""s_year"": ""2003"",
""e_year"": ""2018"",
""mileage"": """",
""color"": [] ,
""kuzov"": ""GD1"",
""rate"": [""4""],
""countryCode"":""Abu Dhabi"",
""portCode"":""Abu Dhabi"",
""vessleCode"":""RORO VESSEL""
}",FOB        : 134820 ¥‎   1229 $  </br>C&F        : 207167 ¥‎   1889 $ </br>CIF        : 212167 ¥‎   1935 $ , 
2019-04-26 10:32,"{
""company"": ""HONDA"",
""model"": ""FIT"",
""s_year"": ""2004"",
""e_year"": ""2018"",
""mileage"": ""0- 91000"",
""color"": [] ,
""kuzov"": ""GD1"",
""rate"": [""4""],
""countryCode"":""Abu Dhabi"",
""portCode"":""Abu Dhabi"",
""vessleCode"":""RORO VESSEL""
}",FOB        : 134820 ¥‎   1229 $  </br>C&F        : 207167 ¥‎   1889 $ </br>CIF        : 212167 ¥‎   1935 $ , 
2019-04-26 10:34,"{
""company"": ""HONDA"",
""model"": ""FIT"",
""s_year"": ""2004"",
""e_year"": ""2018"",
""mileage"": ""0- 95000"",
""color"": [] ,
""kuzov"": ""GD1"",
""rate"": [""4""],
""countryCode"":""Abu Dhabi"",
""portCode"":""Abu Dhabi"",
""vessleCode"":""RORO VESSEL""
}",FOB        : 134820 ¥‎   1229 $  </br>C&F        : 207167 ¥‎   1889 $ </br>CIF        : 212167 ¥‎   1935 $ , 
2019-04-26 10:35,"{
""company"": ""HONDA"",
""model"": ""FIT"",
""s_year"": ""2004"",
""e_year"": ""2018"",
""mileage"": ""0- 105000"",
""color"": [] ,
""kuzov"": ""GD1"",
""rate"": [""4""],
""countryCode"":""Abu Dhabi"",
""portCode"":""Abu Dhabi"",
""vessleCode"":""RORO VESSEL""
}",FOB        : 134820 ¥‎   1229 $  </br>C&F        : 207167 ¥‎   1889 $ </br>CIF        : 212167 ¥‎   1935 $ , 
2019-04-26 10:36,"{
""company"": ""HONDA"",
""model"": ""FIT"",
""s_year"": ""2004"",
""e_year"": ""2018"",
""mileage"": ""0- 107000"",
""color"": [] ,
""kuzov"": ""GD1"",
""rate"": [""4""],
""countryCode"":""Abu Dhabi"",
""portCode"":""Abu Dhabi"",
""vessleCode"":""RORO VESSEL""
}",FOB        : 134820 ¥‎   1229 $  </br>C&F        : 207167 ¥‎   1889 $ </br>CIF        : 212167 ¥‎   1935 $ , 
2019-04-26 10:41,"{
""company"": ""HONDA"",
""model"": ""FIT"",
""s_year"": ""2004"",
""e_year"": ""2018"",
""mileage"": ""0- 100000"",
""color"": [] ,
""kuzov"": ""GD1"",
""rate"": [""4""],
""countryCode"":""Abu Dhabi"",
""portCode"":""Abu Dhabi"",
""vessleCode"":""RORO VESSEL""
}",FOB        : 134820 ¥‎   1229 $  </br>C&F        : 207167 ¥‎   1889 $ </br>CIF        : 212167 ¥‎   1935 $ , 
2019-04-26 10:45,"{
""company"": ""HONDA"",
""model"": ""FIT"",
""s_year"": ""2004"",
""e_year"": ""2018"",
""mileage"": ""0- 106000"",
""color"": [] ,
""kuzov"": ""GD1"",
""rate"": [""4""],
""countryCode"":""Abu Dhabi"",
""portCode"":""Abu Dhabi"",
""vessleCode"":""RORO VESSEL""
}",FOB        : 134820 ¥‎   1229 $  </br>C&F        : 207167 ¥‎   1889 $ </br>CIF        : 212167 ¥‎   1935 $ , 
2019-04-26 10:52,"{
""company"": ""HONDA"",
""model"": ""FIT"",
""s_year"": ""2004"",
""e_year"": ""2018"",
""mileage"": ""0- 95000"",
""color"": [] ,
""kuzov"": ""GD1"",
""rate"": [""4""],
""countryCode"":""Abu Dhabi"",
""portCode"":""Abu Dhabi"",
""vessleCode"":""RORO VESSEL""
}",FOB        : 134820 ¥‎   1229 $  </br>C&F        : 207167 ¥‎   1889 $ </br>CIF        : 212167 ¥‎   1935 $ , 
2019-04-26 10:53,"{
""company"": ""HONDA"",
""model"": ""FIT"",
""s_year"": ""2004"",
""e_year"": ""2018"",
""mileage"": ""0- 97000"",
""color"": [] ,
""kuzov"": ""GD1"",
""rate"": [""4""],
""countryCode"":""Abu Dhabi"",
""portCode"":""Abu Dhabi"",
""vessleCode"":""RORO VESSEL""
}",FOB        : 134820 ¥‎   1229 $  </br>C&F        : 207167 ¥‎   1889 $ </br>CIF        : 212167 ¥‎   1935 $ , 
2019-04-26 11:00,"{
""company"": ""HONDA"",
""model"": ""FIT"",
""s_year"": ""2004"",
""e_year"": ""2018"",
""mileage"": ""0- 108000"",
""color"": [] ,
""kuzov"": ""GD1"",
""rate"": [""4""],
""countryCode"":""Abu Dhabi"",
""portCode"":""Abu Dhabi"",
""vessleCode"":""RORO VESSEL""
}",FOB        : 134820 ¥‎   1229 $  </br>C&F        : 207167 ¥‎   1889 $ </br>CIF        : 212167 ¥‎   1935 $ , 
2019-04-26 11:09,"{
""company"": ""HONDA"",
""model"": ""FIT"",
""s_year"": ""2004"",
""e_year"": ""2018"",
""mileage"": ""0- 102000"",
""color"": [] ,
""kuzov"": ""GD1"",
""rate"": [""4""],
""countryCode"":""Abu Dhabi"",
""portCode"":""Abu Dhabi"",
""vessleCode"":""RORO VESSEL""
}",FOB        : 134820 ¥‎   1229 $  </br>C&F        : 207167 ¥‎   1889 $ </br>CIF        : 212167 ¥‎   1935 $ , 
2019-04-26 11:15,"{
""company"": ""HONDA"",
""model"": ""FIT"",
""s_year"": ""2004"",
""e_year"": ""2018"",
""mileage"": ""0- 101000"",
""color"": [] ,
""kuzov"": ""GD1"",
""rate"": [""4""],
""countryCode"":""Abu Dhabi"",
""portCode"":""Abu Dhabi"",
""vessleCode"":""RORO VESSEL""
}",FOB        : 134820 ¥‎   1229 $  </br>C&F        : 207192 ¥‎   1888 $ </br>CIF        : 212192 ¥‎   1934 $ , 
2019-04-26 11:17,"{
""company"": ""HONDA"",
""model"": ""FIT"",
""s_year"": ""2004"",
""e_year"": ""2018"",
""mileage"": ""0- 100000"",
""color"": [] ,
""kuzov"": ""GD1"",
""rate"": [""4""],
""countryCode"":""Abu Dhabi"",
""portCode"":""Abu Dhabi"",
""vessleCode"":""RORO VESSEL""
}",FOB        : 134820 ¥‎   1229 $  </br>C&F        : 207192 ¥‎   1888 $ </br>CIF        : 212192 ¥‎   1934 $ , 
2019-04-26 11:19,"{
""company"": ""HONDA"",
""model"": ""FIT"",
""s_year"": ""2004"",
""e_year"": ""2018"",
""mileage"": ""0- 95000"",
""color"": [] ,
""kuzov"": ""GD1"",
""rate"": [""4""],
""countryCode"":""Abu Dhabi"",
""portCode"":""Abu Dhabi"",
""vessleCode"":""RORO VESSEL""
}",FOB        : 134820 ¥‎   1229 $  </br>C&F        : 207192 ¥‎   1888 $ </br>CIF        : 212192 ¥‎   1934 $ , 
2019-04-26 11:25,"{
""company"": ""HONDA"",
""model"": ""FIT"",
""s_year"": ""2004"",
""e_year"": ""2018"",
""mileage"": ""0- 104000"",
""color"": [] ,
""kuzov"": ""GD1"",
""rate"": [""4""],
""countryCode"":""Abu Dhabi"",
""portCode"":""Abu Dhabi"",
""vessleCode"":""RORO VESSEL""
}",FOB        : 134820 ¥‎   1229 $  </br>C&F        : 207192 ¥‎   1888 $ </br>CIF        : 212192 ¥‎   1934 $ , 
2019-04-26 11:26,"{
""company"": ""HONDA"",
""model"": ""FIT"",
""s_year"": ""2004"",
""e_year"": ""2018"",
""mileage"": ""0- 103000"",
""color"": [] ,
""kuzov"": ""GD1"",
""rate"": [""4""],
""countryCode"":""Abu Dhabi"",
""portCode"":""Abu Dhabi"",
""vessleCode"":""RORO VESSEL""
}",FOB        : 134820 ¥‎   1229 $  </br>C&F        : 207192 ¥‎   1888 $ </br>CIF        : 212192 ¥‎   1934 $ , 
2019-04-26 11:28,"{
""company"": ""HONDA"",
""model"": ""FIT"",
""s_year"": ""2004"",
""e_year"": ""2018"",
""mileage"": ""0- 97000"",
""color"": [] ,
""kuzov"": ""GD1"",
""rate"": [""4""],
""countryCode"":""Abu Dhabi"",
""portCode"":""Abu Dhabi"",
""vessleCode"":""RORO VESSEL""
}",FOB        : 134820 ¥‎   1229 $  </br>C&F        : 207192 ¥‎   1888 $ </br>CIF        : 212192 ¥‎   1934 $ , 
2019-04-26 11:32,"{
""company"": ""HONDA"",
""model"": ""FIT"",
""s_year"": ""2004"",
""e_year"": ""2018"",
""mileage"": ""0- 101000"",
""color"": [] ,
""kuzov"": ""GD1"",
""rate"": [""4""],
""countryCode"":""Abu Dhabi"",
""portCode"":""Abu Dhabi"",
""vessleCode"":""RORO VESSEL""
}",FOB        : 134820 ¥‎   1229 $  </br>C&F        : 207192 ¥‎   1888 $ </br>CIF        : 212192 ¥‎   1934 $ , 
2019-04-26 11:35,"{
""company"": ""HONDA"",
""model"": ""FIT"",
""s_year"": ""2004"",
""e_year"": ""2018"",
""mileage"": ""0- 103000"",
""color"": [] ,
""kuzov"": ""GD1"",
""rate"": [""4""],
""countryCode"":""Abu Dhabi"",
""portCode"":""Abu Dhabi"",
""vessleCode"":""RORO VESSEL""
}",FOB        : 134820 ¥‎   1229 $  </br>C&F        : 207192 ¥‎   1888 $ </br>CIF        : 212192 ¥‎   1934 $ , 
2019-04-26 11:37,"{
""company"": ""HONDA"",
""model"": ""FIT"",
""s_year"": ""2004"",
""e_year"": ""2018"",
""mileage"": ""0- 104000"",
""color"": [] ,
""kuzov"": ""GD1"",
""rate"": [""4""],
""countryCode"":""Abu Dhabi"",
""portCode"":""Abu Dhabi"",
""vessleCode"":""RORO VESSEL""
}",FOB        : 134820 ¥‎   1229 $  </br>C&F        : 207192 ¥‎   1888 $ </br>CIF        : 212192 ¥‎   1934 $ , 
2019-04-26 11:42,"{
""company"": ""TOYOTA"",
""model"": ""COROLLA AXIO"",
""s_year"": ""2007"",
""e_year"": ""2019"",
""mileage"": ""0- 121000"",
""color"": [] ,
""kuzov"": ""NZE141"",
""rate"": [""4""],
""countryCode"":""Abu Dhabi"",
""portCode"":""Abu Dhabi"",
""vessleCode"":""RORO VESSEL""
}",FOB        : 277380 ¥‎   2528 $  </br>C&F        : 362195 ¥‎   3302 $ </br>CIF        : 367195 ¥‎   3347 $ , 
2019-04-26 11:50,"{
""company"": ""HONDA"",
""model"": ""FIT"",
""s_year"": ""2004"",
""e_year"": ""2018"",
""mileage"": ""0- 100000"",
""color"": [] ,
""kuzov"": ""GD1"",
""rate"": [""4""],
""countryCode"":""Abu Dhabi"",
""portCode"":""Abu Dhabi"",
""vessleCode"":""RORO VESSEL""
}",FOB        : 134820 ¥‎   1229 $  </br>C&F        : 207192 ¥‎   1888 $ </br>CIF        : 212192 ¥‎   1934 $ , 
2019-04-26 11:52,"{
""company"": ""HONDA"",
""model"": ""FIT"",
""s_year"": ""2004"",
""e_year"": ""2018"",
""mileage"": ""0- 104000"",
""color"": [] ,
""kuzov"": ""GD1"",
""rate"": [""4""],
""countryCode"":""Abu Dhabi"",
""portCode"":""Abu Dhabi"",
""vessleCode"":""RORO VESSEL""
}",FOB        : 134820 ¥‎   1229 $  </br>C&F        : 207192 ¥‎   1888 $ </br>CIF        : 212192 ¥‎   1934 $ , 
2019-04-26 11:54,"{
""company"": ""HONDA"",
""model"": ""FIT"",
""s_year"": ""1995"",
""e_year"": ""2018"",
""mileage"": ""0- 109000"",
""color"": [] ,
""kuzov"": ""GD1"",
""rate"": [""4""],
""countryCode"":""Abu Dhabi"",
""portCode"":""Abu Dhabi"",
""vessleCode"":""RORO VESSEL""
}",FOB        : 134820 ¥‎   1229 $  </br>C&F        : 207192 ¥‎   1888 $ </br>CIF        : 212192 ¥‎   1934 $ , 
2019-04-26 11:56,"{
""company"": ""HONDA"",
""model"": ""FIT"",
""s_year"": ""1995"",
""e_year"": ""2018"",
""mileage"": ""0- 94000"",
""color"": [] ,
""kuzov"": ""GD1"",
""rate"": [""4""],
""countryCode"":""Abu Dhabi"",
""portCode"":""Abu Dhabi"",
""vessleCode"":""RORO VESSEL""
}",FOB        : 134820 ¥‎   1229 $  </br>C&F        : 207192 ¥‎   1888 $ </br>CIF        : 212192 ¥‎   1934 $ , 
2019-04-26 11:57,"{
""company"": ""HONDA"",
""model"": ""FIT"",
""s_year"": ""1995"",
""e_year"": ""2018"",
""mileage"": ""0- 110000"",
""color"": [] ,
""kuzov"": ""GD1"",
""rate"": [""4""],
""countryCode"":""Abu Dhabi"",
""portCode"":""Abu Dhabi"",
""vessleCode"":""RORO VESSEL""
}",FOB        : 134820 ¥‎   1229 $  </br>C&F        : 207192 ¥‎   1888 $ </br>CIF        : 212192 ¥‎   1934 $ , 
2019-04-26 11:59,"{
""company"": ""HONDA"",
""model"": ""FIT"",
""s_year"": ""1995"",
""e_year"": ""2018"",
""mileage"": ""0- 111000"",
""color"": [] ,
""kuzov"": ""GD1"",
""rate"": [""4""],
""countryCode"":""Abu Dhabi"",
""portCode"":""Abu Dhabi"",
""vessleCode"":""RORO VESSEL""
}",FOB        : 134820 ¥‎   1229 $  </br>C&F        : 207192 ¥‎   1888 $ </br>CIF        : 212192 ¥‎   1934 $ , 
2019-04-26 12:01,"{
""company"": ""HONDA"",
""model"": ""FIT"",
""s_year"": ""1995"",
""e_year"": ""2018"",
""mileage"": ""0- 99000"",
""color"": [] ,
""kuzov"": ""GD1"",
""rate"": [""4""],
""countryCode"":""Abu Dhabi"",
""portCode"":""Abu Dhabi"",
""vessleCode"":""RORO VESSEL""
}",FOB        : 134820 ¥‎   1229 $  </br>C&F        : 207192 ¥‎   1888 $ </br>CIF        : 212192 ¥‎   1934 $ , 
2019-04-26 12:03,"{
""company"": ""HONDA"",
""model"": ""FIT"",
""s_year"": ""1995"",
""e_year"": ""2018"",
""mileage"": ""0- 104000"",
""color"": [] ,
""kuzov"": ""GD1"",
""rate"": [""4""],
""countryCode"":""Abu Dhabi"",
""portCode"":""Abu Dhabi"",
""vessleCode"":""RORO VESSEL""
}",FOB        : 134820 ¥‎   1229 $  </br>C&F        : 207192 ¥‎   1888 $ </br>CIF        : 212192 ¥‎   1934 $ , 
2019-04-26 12:05,"{
""company"": ""HONDA"",
""model"": ""FIT"",
""s_year"": ""1995"",
""e_year"": ""2018"",
""mileage"": ""0- 105000"",
""color"": [] ,
""kuzov"": ""GD1"",
""rate"": [""4""],
""countryCode"":""Abu Dhabi"",
""portCode"":""Abu Dhabi"",
""vessleCode"":""RORO VESSEL""
}",FOB        : 134820 ¥‎   1229 $  </br>C&F        : 207192 ¥‎   1888 $ </br>CIF        : 212192 ¥‎   1934 $ , 
2019-04-26 12:07,"{
""company"": ""HONDA"",
""model"": ""FIT"",
""s_year"": ""1995"",
""e_year"": ""2018"",
""mileage"": ""0- 112000"",
""color"": [] ,
""kuzov"": ""GD1"",
""rate"": [""4""],
""countryCode"":""Abu Dhabi"",
""portCode"":""Abu Dhabi"",
""vessleCode"":""RORO VESSEL""
}",FOB        : 134820 ¥‎   1229 $  </br>C&F        : 207205 ¥‎   1888 $ </br>CIF        : 212205 ¥‎   1934 $ , 
2019-04-26 12:08,"{
""company"": ""HONDA"",
""model"": ""FIT"",
""s_year"": ""1995"",
""e_year"": ""2018"",
""mileage"": ""0- 118000"",
""color"": [] ,
""kuzov"": ""GD1"",
""rate"": [""4""],
""countryCode"":""Abu Dhabi"",
""portCode"":""Abu Dhabi"",
""vessleCode"":""RORO VESSEL""
}",FOB        : 134820 ¥‎   1229 $  </br>C&F        : 207205 ¥‎   1888 $ </br>CIF        : 212205 ¥‎   1934 $ , 
2019-04-26 12:14,"{
""company"": ""HONDA"",
""model"": ""FIT"",
""s_year"": ""1995"",
""e_year"": ""2018"",
""mileage"": ""0- 114000"",
""color"": [] ,
""kuzov"": ""GD1"",
""rate"": [""4""],
""countryCode"":""Abu Dhabi"",
""portCode"":""Abu Dhabi"",
""vessleCode"":""RORO VESSEL""
}",FOB        : 134820 ¥‎   1229 $  </br>C&F        : 207205 ¥‎   1888 $ </br>CIF        : 212205 ¥‎   1934 $ , 
2019-04-26 12:44,"{
""company"": ""HONDA"",
""model"": ""FIT"",
""s_year"": ""1995"",
""e_year"": ""2018"",
""mileage"": ""0- 106000"",
""color"": [] ,
""kuzov"": ""GD1"",
""rate"": [""4""],
""countryCode"":""Abu Dhabi"",
""portCode"":""Abu Dhabi"",
""vessleCode"":""RORO VESSEL""
}",FOB        : 134820 ¥‎   1229 $  </br>C&F        : 207205 ¥‎   1888 $ </br>CIF        : 212205 ¥‎   1934 $ , 
2019-04-26 13:02,"{
""company"": ""HONDA"",
""model"": ""FIT"",
""s_year"": ""1995"",
""e_year"": ""2018"",
""mileage"": ""0- 116000"",
""color"": [] ,
""kuzov"": ""GD1"",
""rate"": [""4""],
""countryCode"":""Abu Dhabi"",
""portCode"":""Abu Dhabi"",
""vessleCode"":""RORO VESSEL""
}",FOB        : 134820 ¥‎   1229 $  </br>C&F        : 207161 ¥‎   1889 $ </br>CIF        : 212161 ¥‎   1935 $ , 
