2018-11-21 15:31,"{
""company"": ""BMW"",
""model"": ""3 SERIES"",
""s_year"": ""1987"",
""e_year"": ""2018"",
""mileage"": """",
""color"": [] ,
""kuzov"": ""WB35"",
""rate"": [""3.5"", ""4""],
""countryCode"":""MALT"",
""portCode"":""68"",
""vessleCode"":""1""
}",FOB        : 755360 ¥‎   6687 $  </br>C&F        :  - </br>CIF        :  - , 
2018-11-21 15:31,"{
""company"": ""BMW"",
""model"": ""3 SERIES"",
""s_year"": ""1987"",
""e_year"": ""2018"",
""mileage"": """",
""color"": [] ,
""kuzov"": ""WB35"",
""rate"": [""3.5"", ""4""],
""countryCode"":""Malta"",
""portCode"":""Valletta"",
""vessleCode"":""RORO VESSEL""
}",FOB        : 712246 ¥‎   6306 $  </br>C&F        :  - </br>CIF        :  - ,</br><strong>Average Price      : </strong>642000 ¥‎ </br><strong>Slab Rate          : </strong>70000 ¥‎</br><strong>Inspection Fee     : </strong>0 ¥‎</br><strong>LC Charge          : </strong>123 ¥‎</br><strong>Ocean Freight      : </strong>0 ¥‎</br><strong>Miscellaneous Fee  : </strong>123 ¥‎ </br>
2018-11-21 15:50,"{
""company"": ""JEEP"",
""model"": ""GRAND"",
""s_year"": ""2000"",
""e_year"": ""2018"",
""mileage"": """",
""color"": [] ,
""kuzov"": ""WJ40"",
""rate"": [],
""countryCode"":""Botswana"",
""portCode"":""Gaborone"",
""vessleCode"":""20' CONTAINER""
}",FOB        : 190700 ¥‎   1688 $  </br>C&F        : 528419 ¥‎   4678 $ </br>CIF        : 528419 ¥‎   4678 $ , 
2018-11-23 17:43,"{
""company"": ""BMW"",
""model"": ""6 SERIES"",
""s_year"": ""1989"",
""e_year"": ""2017"",
""mileage"": """",
""color"": [] ,
""kuzov"": ""LW30"",
""rate"": [],
""countryCode"":""Cameroon"",
""portCode"":""Douala"",
""vessleCode"":""RORO VESSEL""
}",FOB        : 5255100 ¥‎   46570 $  </br>C&F        : 5255100 ¥‎   46570 $ </br>CIF        : 5255100 ¥‎   46570 $ , 
2018-11-23 17:43,"{
""company"": ""BMW"",
""model"": ""6 SERIES"",
""s_year"": ""1989"",
""e_year"": ""2017"",
""mileage"": """",
""color"": [] ,
""kuzov"": ""LW30"",
""rate"": [],
""countryCode"":""Cameroon"",
""portCode"":""Douala"",
""vessleCode"":""RORO VESSEL""
}",FOB        : 5100369 ¥‎   45199 $  </br>C&F        : 5100369 ¥‎   45199 $ </br>CIF        : 5100369 ¥‎   45199 $ ,</br><strong>Average Price      : </strong>4820000 ¥‎ </br><strong>Slab Rate          : </strong>280000 ¥‎</br><strong>Inspection Fee     : </strong>123 ¥‎</br><strong>LC Charge          : </strong>123 ¥‎</br><strong>Ocean Freight      : </strong>0 ¥‎</br><strong>Miscellaneous Fee  : </strong>123 ¥‎ </br>
