id,name
1,Chens Original
2,Chen's Tavern Two
3,Kitty Hoynes
4,University Hill
5,Erie Blvd
6,Sample Location
8,Shifty's
11,Syracuse Office
12,Fairmount
13,Liverpool
14,Rochester
18,Syracuse
21,Mattydale
22,Branford
23,The Kinsale
24,Indiantown Road
29,Clarence
30,Amherst
31,Chen's Tavern Three
35,Quail and Firkin
36,Vestal
37,Montreal
38,Super Play USA
42,Zebbs Rochester
43,New Hartford
44,Shoreline Brewing - Southport
45,"SBC - Stamford, CT"
46,"SBC - Milford, CT"
47,Carousel Center
48,Applebee's North Syracuse
49,Applebee's Camillus
50,North Syracuse
51,NYC
52,Chattanooga
53,BlueWater Grill
54,Corporate
56,Syracuse
58,Kirkman Road
59,USBN Demo
61,Brew Pub
62,Cantina
63,Goodfellos
64,Alpharetta
65,Fairmount
66,Sibley
67,Bugtussle
69,Okeechobee
70,Stuart
71,Palm Beach Gardens
72,Boynton Beach
73,Jupiter
74,Dino Rochester
75,New York City
76,"Fayetteville, NY (328)"
77,Monroe
78,Batavia
79,North Syracuse
80,Fenway
81,Walton St Syracuse
82,Syracuse
83,West Covina #418
84,Tampa
85,Chennai
86,Erie Blvd
87,Grapevine
88,Plano
89,Salem
90,New Hartford
91,Foxborough
92,Canal Street
93,Morgantown
94,Syracuse
95,Chens Mountain Four
96,KKNagar
97,Winghouse of Altamonte Springs
98,Woodland Hills #1904
99,Galveston
100,Seabrook
101,Nasa
102,Kirby
103,Sugar Land
104,Frog and Firkin
105,Radio City
106,Knoxville
107,Broadway - SA
108,Clery's
109,Catonsville
110,North Syracuse
111,Test
112,Amarillo
113,Carson City
114,Grandville
115,Muskegon
116,Randolph
117,Worcester
118,Oxnard
119,Rancho Cucamonga #433
120,Tempe - 8th Street
121,"WATERFORD, MI 3362"
122,West Covina - WCV 203
123,Costa Mesa - CMW 107
124,Porter Ranch #1941
125,Queens Head Tavern
126,Crossgates Mall
127,Firkin and Kegler
128,Bowling Alley
129,I Street
130,Chadds Ford
131,Malvern
132,Dupont
133,Preston
134,Dixie
135,Jeffersonville
136,BeerBoard
137,JPG
139,Times Square
140,Union Square
141,Seaport
142,Empire State
143,Burger
144,Naglee Street
145,Long Beach - LBW 301
146,Stadium 1
147,Game On
148,Welland
149,Fenway Park
150,Naperville
151,B 15
152,Arvada1
153,Moreno Valley #441
154,Fenway
155,Royapuram
156,Ypsilanti
157,Chicago
158,Chicago E - Huron Street
159,Long Beach - LBW 301
160,Mission Valley - MVW 103
161,Ontario - ONT 201
162,Hollywood - HWD 202
163,"Oakville, ONT"
164,Anaheim - AHM 101
165,Gaslamp - GLW 102
166,Rancho Bernardo - RBW 109
167,Burbank - BBK 204
168,Moreno Valley - MOR 205
169,Santa Monica - SMW 303
170,Syracuse
171,Oceanside - OSD 106
172,Cambridge
173,Delray Beach
174,Pearland
175,Humble
176,Willowbrook
177,Temecula - TMW 108
178,Pacific Beach - PBW 105
179,Ft Worth
180,Opal
181,Westland
182,ROCHESTER HILLS 3410
183,LIVONIA 3428
184,King of Prussia
185,Lake Union - LUW 402
186,Tacoma - TAC 403
187,Spokane - SPK 405
188,Jantzen Beach - JBW 603
189,ABQ
190,ORD
191,JFK
192,BOS
193,Columbia SC
194,Austintown
195,Timmins ONT
196,Taps
197,Jacksonville
198,Vacaville #452
199,Roseville #436
200,Lewisville #424
201,Pearland #481
202,Del Amo #478
203,Statesboro
204,The Banshee
205,Peachtree
206,Harmony #0050
207,OC-Fort Collins-Old Town
208,Somerville
209,BWW - Hadley
210,Chicago - West Adams
211,Chicago - N Wabash
212,Boston - Devonshire St
213,Philadelphia - Market St
214,San Diego - N Harbour
215,San Franciso - Clay St
216,Seattle - 5th Ave
217,Washington - Penn Ave
218,Washington - 19th St
219,Carrier Dome
220,Carrier Dome
221,McGreevy's
222,The Precinct
223,Columbus
224,The Independent
225,The Penguin
226,Charlies Kitchen
227,Panama City
228,Austin
229,Tuscaloosa
230,Arvada 2
231,Dedham
232,Amarillo
233,Portage
234,Schoolyard Tavern & Grill
235,Asgard
236,Porter Square
237,Grafton Street
238,Walpole
239,Grafton Street
240,Kirkwood
241,Trellis
242,WestEnd
243,SideBar
244,Brownstone
245,Barracuda Bar and Grill
246,Donohue's
247,Baseball Tavern
248,Restaurant 1
249,Old Magoun's Saloon
250,Irish Village
251,Temple Bar
252,Park
253,Boise
254,West End
255,The Thirsty Scholar
256,Oakdale
257,Savage
258,Holbrook
259,Roggies
260,The Avenue
261,Sonny McLeans
262,McFadden's - Boston
263,South Side Tavern
264,West End
265,Portillo's Chicago
266,Portillo's Chicago
267,Hub 51
268,Jefferson Tap
269,The Grill at Millenium Park
270,The Spread
271,The Greatest Bar
272,The Plough &amp; Stars
273,Park Plaza
274,Del Amo #478
275,Firkin & Hound - Visalia
276,BIG RAPIDS 3490
277,PJ Clarke's
278,Warren Tavern
279,test test juhy
280,Hooters Mobile
281,Hooters Panama City Front
282,Hooters Panama City Thomas
283,455 W. North Avenue
284,PINZ
285,Pizano's Pizza
286,Twisted Spoke
287,Johnny O'Hagan's
288,Coppertop - Milton Ave
289,Test Location
290,Columbus-GA
291,Beer Bistro
292,Chicago
293,Sheffield
294,hhh
295,10 Pin Bowling Lounge at Marina City
296,O'Shaughnessy's Public House - 4557 Rave
297,O'Malley's West
298,Marquardt
299,Logan Bar at 2230 N. California
300,Citi Field
301,Bill's Bar & Burger-MeatPkg
302,Mercury Bar - 9th Avenue
303,Beneluxx
304,Marshfield
305,Watertown
306,Oakmont National Pub
307,Marlborough
308,Canton
309,Docs Sports Retreat
310,Sheffield and Wellington
311,Chicago
312,Point Break
313,Diversey River Bowl
314,Butch McGuires
315,Opal
316,Dukes
317,9th Ave
318,TD Banknorth Garden
319,Havana Hideout
320,Theory
321,TD Garden
322,Tommy's
323,Wrigley Field
324,Lake Forest
325,Tir Na Nog - MSG
326,Wild Goose Bar
327,Test Loc
328,Carpet Lane
329,Indian Heat
330,Stadium Southie
331,Maple Sports Bar
332,Russell House Tavern
333,Crickets of Lubbock
334,Busch Stadium
335,Superior
336,Westminster
337,Landsdowne Pub
338,Lucky's Lounge
339,Downtown-Old Market
340,West Omaha - Legacy
341,Greenfields Pub
342,Bjorungs
343,HOLLAND 3502
344,Ray's
345,The Purple Shamrock
346,The Black Rose
347,Dillon's
348,Jose McIntyre's
349,Brownstone
350,Hurricane O'Reilly's
351,BlueStone Bistro
352,Danny's Tap Room
353,Thornton
354,Calloways - Hunt Val
355,Firkin and Wolf
356,BAY CITY 3245
357,Wildwood BBQ
358,Bills Bar and Burger - Rock Ctr
359,CELEBRATION CINEMA 3118
360,WYOMING 3314
361,Benchmark
362,Buster's Lincoln Heights
363,New Test Loc
364,New Test Stadium
365,QSL-Greenville
366,N Canton
367,Kelley's Bar and Restaurant
368,Meghan MacMurphy's
369,BOSSIER CITY 3791
370,BATON ROUGE 3134
371,Colgate Inn
372,Sherwood Inn
373,Depew
374,NorthEast Pizza and Beer
375,Lieutenant's Pump
376,Marlborough Pub
377,SOUTHGATE 3152
378,Monroe
379,DNC Test Lab
380,GRAND RAPIDS 1 3024
381,ALPINE 3155
382,MUSKEGON 3165
383,MT PLEASANT 3049
384,MIDLAND MI 3267
385,ANN ARBOR 3222
386,BRIGHTON MI 3310
387,WASHINGTON 3190
388,LAKE ORION 3204
389,MT CLEMENS 3143
390,EAST LANSING 3019
391,CANTON 3224
392,Woodridge
393,Warrenville
394,LAFAYETTE-AMBASSADOR 3175
395,SHREVEPORT 3315
396,Crossing
397,LEOMINSTER 3552
398,The Westin
399,67-19 JIB
400,Alleycats
401,Northside
402,O'Toole's
403,Corner Bar & Grill 2
404,Corner Bar and Grill
405,"LSU BATON ROUGE, LA 3573"
406,Rhythm N Brews
407,Valley View
408,Sharon-QSL
409,Vermillion
410,Wheeling
411,Sheffield
412,Baltimore
413,MORENO VALLEY 3511
414,Papillon
415,MOBILE 3433
416,PORTLAND DOWNTOWN 3371
417,WEST COVINA 3484
418,SAGINAW 3521
419,Crazy Horse
420,Wild Wing Hunt Club
421,Wild Wing East
422,Broadway Bar and Grill
423,Tully's
424,Makers Mark
425,Clarendon
426,SAUGUS 3534
427,Tangerine Caribbean Grill
428,Maple Shade
429,Tangerine's
430,Manchester Pub
431,Rochester
432,Danvers
433,Broadway Barrhaven
434,Busters Bar and Grill
437,University-NYC
438,Big Apple Fun Center
439,"TUALATIN, OR 3574"
440,Boardman
441,Midtown Atlanta
442,Nashville TN
443,San Jose CA
444,Washington DC
445,Ignite-Carlsbad
446,N Charleston
447,JW Hollstein's
448,Knoxville-Cumberland
449,Knoxville-Rocky Hill
450,Staples Center
453,Bistro on Bridge
454,Annapolis #517
455,Glendale #613
456,Palo Alto #601
457,Rockville #513
458,San Francisco #603
459,San Tan #617
460,Scottsdale #616
461,Tempe
462,McLean
463,Virginia Beach #511
464,Bolingbrook #514
465,Columbus #508
466,New Orleans #509
467,Myrtle Beach #515
468,Chubby Balboa's
469,Dallas Pk Lane #620
470,Plano #618
471,Denver Broomfield #506
472,Miami #505
473,Seattle #609
474,Buckhead #301
475,Springfield
476,East Hartford
477,Robinson
478,Southland
479,Cranberry
480,Boca Park
481,Burbank
482,Honolulu
483,Kansas City
484,Las Vegas
485,San Diego
486,San Diego
487,Hamilton Place
488,Disney
489,Seven Bridges
490,Ragtime Tavern
491,A1A Aleworks
492,Drift Away
496,The Ruck
497,Myrtle Beach
498,Bier Abbey
499,Maynard
500,Glassboro
502,Roswell
503,HILLSBORO 3292
504,PORTLAND CASCADE 3409
505,LLOYD CENTER 3605
506,WOOD VILLAGE 3458
507,BEAVERTON 3494
508,HAZEL DELL 3513
509,PALMDALE 3403
510,BAKERSFIELD 3527
511,BURBANK 3466
512,High Sierra Brewing Co
514,Lakewood
515,Powers
516,Rialto Cafe
517,Table Mountain Inn
518,Ignite Arvada
519,Woody's Evans
520,Colorado Springs-Skokie
521,Roswell
522,Richmond
523,Centerra Promenade #1092
524,Colorado Springs #1089
526,Walnut Brewery #1051
527,South Denver #1071
528,Denver #1052
529,Arlington #1079
530,Bethesda #1065
531,Village Lantern
532,Tammany Hall
533,Schottenstein Center
534,Walrus Saloon
535,DOWNTOWN GRAND RAPIDS 3610
536,Buffalo #4518
537,Leawood #4623
538,King of Prussia #3005
539,Long Beach
540,Chicago #1059
541,Portland #1055
542,Boston #3001
543,Arrowhead #1088
544,La Jolla #1074
545,Minneapolis #1053
546,Tustin
547,Colorado Springs-Tejon #0002
548,Boulder #0004
549,Denver Market St #005
550,Denver Colo Blvd #0006
551,Littleton #0008
552,Greeley #0010
553,Aurora #0012
554,Loveland #0070
555,Ft Collins #0003
556,Longmont #0019
557,Colo Spgs Academy #0016
558,Silverthorne #0026
559,WOOSTER 3150
560,The Growler Station
561,Burgers and Blues
562,Lillie's Times Square
563,Ignite-Denver
564,Hooters-Albuquerque
565,J.A.K.K Tuesdays
566,Eden Prairie #0058
567,Westminster
568,Broomfield
569,Arapahoe Crossing
570,Grant-Thornton
571,Union-Lakewood
572,Grand Junction
573,Harrisonburg
574,MENTOR 3229
575,SALEM 3619
576,Downingtown
577,Louisville #4624
578,Thousand Oaks
579,Rock Bottom - Omaha
580,Omaha
581,West Des Moines
582,BATTLE CREEK 3565
583,Atlanta Downtown
584,Lakewood
585,Carrolton
586,Columbus GA
587,Macon
588,Newnan
589,Savannah
590,Canton
591,Conyers
592,Cumberland
593,Gwinnett
594,Hiram
595,Kennesaw
596,Lawrenceville
597,Johnstown
598,"LANSING, MI 3567"
599,Tara
600,McDonough
601,Augusta
602,Daytona Beach
603,Lakeland
604,Kirkman Road
605,Lakeland II
606,Lake Buena Vista
607,Orlando Airport
608,Casselberry
609,Waterford Lakes
610,Sanford
611,Wilmington
612,Jacksonville NC
613,Greenville NC
614,Fredericksburg
615,Myrtle Beach
616,Myrtle Beach South
617,North Charleston
618,Columbia East
619,Columbia North
620,Jacksonville Landing
621,Jacksonville San Jose
622,Orange Park
623,Jacksonville Southside
624,Melbourne
625,Merritt Island
626,Potomac Mills
627,Chantilly
628,Fairfax
629,Washington DC
630,Tallahassee
631,"ONTARIO, OH RELO 3723"
632,"GALLIPOLIS, OH 3640"
633,Overland Park
634,Wichita
635,Topeka
636,Kansas City Speedway
637,North Kansas City
638,Independence
639,Columbia MO
640,Huntsville
641,USBN Brewing Co
642,Tuscaloosa
643,Homewood
644,Pelham
645,E. Birmingham
646,Trussville
647,Jackson MS
648,Horn Lake
649,North Little Rock
650,Fort Smith
651,Springfield MO
652,Tulsa
653,Oklahoma City
654,Oklahoma City South
655,Bricktown
656,Addison
657,Mesquite
658,Lewisville TX
659,Frisco
660,McKinney
661,Denton
662,Arlington North
663,Irving
664,North Richland Hills
665,Fort Worth
666,Arlington South
667,Janesville
668,Rockford
669,Brookfield
670,East Madison
671,Raleigh
672,Fayetteville NC
673,Raleigh Airport
674,Gastonia
675,Concord NC
676,South Charlotte
677,Uptown Charlotte
678,Greensboro
679,Hickory
680,Winston Salem
681,Lake Norman
682,Burlington NC
683,Highpoint
684,Baltimore #4519
685,Syracuse
687,Greenville SC
688,Anderson
689,Rock Hill
690,Manassas
691,Harborplace
692,Townson
693,Waldorf MD
694,Laurel
695,Rockville
696,Austin II
697,San Antonio North
698,Round Rock
699,San Pedro
700,Selma
701,Killeen
702,El Paso
703,Lubbock
704,Odessa
705,Corpus Christi
706,McAllen
707,Beaumont
708,Texarkana
709,Waco
710,Spring
711,Willowbrook
712,Shenandoah
713,NW Freeway
714,Humble
715,Pasadena
716,Katy
717,Omaha
718,Eagle Run
719,Cass
720,Lincoln
721,Oakview
722,Southpointe
723,Papillion
724,Tyler
725,Overland Park
726,Wichita - Old Town
727,Olathe
728,Manhattan
729,Topeka
730,Kellogg
731,Tanasbourne
732,Portland Plaza
733,Portland
734,Southlands
735,Fairview Heights
736,Maryland Heights
737,South County
738,St. Peters
739,Kiener Plaza
740,Florissant
741,Bloomington IL
742,Champaign
743,Springfield IL
744,Peoria
745,Flint
746,Taylor
747,Roseville
748,Troy
749,Kalamazoo
750,Lansing MI
751,Novi
752,LaCrosse
753,Green Bay
754,Appleton
755,Allentown
756,Minneapolis Up
757,Eagan
758,Apple Valley
759,Roseville
760,Duluth
761,Blaine
762,Plymouth
763,Four Points Kingston
764,Green Bay
765,Madison
766,Boise Downtown
767,Boise Mall
768,Tucson
769,Superstition Springs
770,Bettendorf
771,Rockford
772,Fredericksburg
773,Wells Fargo Center
774,Verizon Center
775,Wells Fargo
776,Verizon Center
777,CORVALLIS 3613
778,Plano
779,Medina
780,World of Beer
781,D'IBERVILLE 3519
782,RIDGELAND 3102
783,HATTIESBURG 3136
784,Huntington Park
785,QSL-Columbia
786,Washington-Navy Yard
787,Fargo
788,Bellevue
789,Cincinnati
790,New Holland Brewing Co.
792,Indianapolis
793,Milwaukee
794,Orchards-Westminster
795,Orland Park
796,Phoenix-Desert Ridge
797,Pittsburgh
798,San Jose
799,Arrowhead
800,Seattle
801,Warrenville
802,Yorktown
803,Des Moines
804,College Park
805,Charlotte
806,Newport News
807,ARVADA 3003
808,ARVADA(2) 3453
809,Cleveland Chop
810,Nashville
811,Florence
812,Turner Field
813,Lexington
814,Merrillville
815,Kingston Pike
816,Nashville Downtown
817,"MOREHEAD, KY 3287"
818,"SPRINGFIELD, OR 3657"
819,"WOODHAVEN, MI 3681"
820,Nibsy's Pub
821,Chesterfield
822,Chester
823,Richmond VA
824,The Press Box
825,Springdale
826,Forestwood
827,Rivergate
828,Wolfchase
829,King's Table
830,Memphis Downtown
831,Murfreesboro
832,Fort Campbell
833,Hermitage
834,Harding Place
835,Johnson City
836,Merchants Drive
837,Alcoa
838,Chattanooga
839,BELDEN VILLAGE 3006
840,Orlando
841,Richmond KY
842,Dayton
843,Toledo
844,Greenwood IN
845,Dupont
846,Evansville
847,Jeffersonville
848,Clarksville
849,Dixie Highway
850,Preston
851,Clinton Street Pub
852,Holmes Pub
853,Blue Tusk
854,Rapid City
855,Brass Tap - U Square
856,Ironwood
857,Indy Downtown
858,Schererville
859,Lafayette IN
860,Castleton
861,Garage Brewing
862,"ST. CLAIR SHORES, MI 3692"
863,AVON LAKE 3214
864,New Brunswick
865,"FARMINGTON HILLS, MI 3693"
866,Irvine
867,San Marcos
868,Blarney Stone
869,"MEDFORD, OR 3679"
870,"PETALUMA, CA 3698"
871,"CANYON COUNTRY, CA 3687"
872,Small Plates
873,Speeds Billiards
874,Newport
875,Valdosta
876,I Drive
877,Simi Valley
878,SHREWSBURY 3694
879,CHINO HILLS 3333
880,North American Brewers
881,Arden
882,MacArthur Park
883,Burlingame
884,Campbell
885,Citrus Heights
886,Concord
887,Daly City
888,Downey
889,Emeryville
890,Fremont
891,Fresno
892,La Mirada
893,Rancho Bernardo
894,Torrance
895,West Covina
896,Alburquerque
897,Davenport
898,Council Bluffs
899,Taphaus
900,Tilted Kilt
901,Corner Bar Orleans
902,West Palm Beach
903,Destiny
904,Bakersfield
905,Burbank
906,Cupertino
907,Dublin
908,Hayward
909,Laguna Hills
910,Lakewood
911,Modesto
912,Montclair
913,Northridge
914,Palm Desert
915,Riverside
916,San Bernardino
917,Stockton
918,Valencia
919,Washington Township
920,PORTSMOUTH 3223
921,IRONTON 3321
922,ASHLAND 3819
923,Good Buddy's Pub
924,Peoria
925,Scottsdale
926,Greenwood Village
927,testing location
928,Location testing
929,sample entry
930,Altamonte
931,Belmar
932,Chandler
933,Colorado Springs
934,Des Peres
935,Fort Myers
936,Greenwood Village
937,Henderson
938,Orlando
939,Overland Park
940,Peoria
941,Scottsdale
942,Toledo
943,"ANN ARBOR II, MI 3699"
944,Fajita Republic Cantina
945,San Marcos
946,Riverwalk
947,BT-Carrollwood
948,BOB-Riverview
949,"SAN BERNARDINO, CA 3705"
950,Pembroke Pines
951,Hullar's
952,Krohne Site
953,"NORTH LAFAYETTE, LA 3677"
954,"CHICOPEE, MA 3727"
955,Midtown
956,Wild Wing East 2
957,The Irish Times
958,Click's Casselberry
959,Timberline Lodge
960,Jet Lag Pub
961,The Sailors
962,Mill House
963,Stadium
964,Alehouse
965,Tap and Mallet
966,Coleman's Authentic Irish Pub
967,LakeHouse Pub
968,The Sailor Legendary Pub
969,Fat Heads Portland
970,Jake Hafner's Rest and Tavern
971,Ithaca Ale House
972,Gold Dust Lounge
973,MIRA LOMA 3384
974,APPLE VALLEY CA 3421
975,Tir Na Nog TS
976,Taproom No. 307
977,Stout Street Social
978,"UNION GAP, WA 3741"
979,Cartersville
980,Doyle's
981,Kiltipper Cafe
982,The Paddocks
983,Shorty's Upper East
984,OC-Casper
985,37 Dawson St
986,South Gate
987,Fajita Republic-Utica
988,Mugs Ale House
989,Hooters - Newport News
990,BWW
991,Testing - Chennai
992,Duffy's - Conroy Rd
993,The Sailor Legendary PUB
994,The Lower Deck
995,Maintenance
996,Chennai One
997,Junction
998,Hoboken
999,Chelsea
1000,CANAL WINCHESTER 3170
1001,"TAYLOR SQUARE-REYNOLDSBURG, OHIO 3606"
1002,Beer Authority
1003,Flying Bison Brewing Company
1004,Matt Brewing Company
1005,Jet Lag
1006,Rattle and Hum
1007,Barleycorn
1008,Bay City
1009,Saginaw
1010,Supply House
1011,Kiabacca
1012,The Round O
1013,Beer Authority Downstairs
1014,The Vault
1015,Fosters Pint and Plate
1016,Tanner Smiths
1017,Tide and Boar Gastro Pub
1021,Chennai2
1022,Industry Tavern
1023,Cellar Tavern
1024,RamTesting11
1025,Ramtesting2
1026,Morehead City
1027,Douglasville
1028,"RIVERDALE, NY 3667"
1029,Wethersfield
1030,Manchester
1031,Harvest W&S
1032,Rockhead Wine and Beer Mkt
1033,Capitol Pub
1034,District Tap House
1035,"GLENDALE, CA 3662"
1036,"CHICO, CA 3743"
1037,"YUBA CITY, CA 3744"
1038,RANCHO CUCAMONGA 3247
1039,CourtHaus Social
1040,FLAGSTAFF 3176
1041,ABC Beer Co.
1042,ECW-Philadelphia
1043,Jacob Wirth
1044,Grey Lodge Pub
1045,Tamilnadu
1046,Tamilnadu
1047,Tamilnadu
1048,Tamilnadu
1049,Tamilnadu
1050,Tamilnadu
1051,BWW HQ
1052,Doryman Pub and Grill
1053,"Grass Roots Grill, Inc."
1054,Druids Glen Resort
1055,Holland House
1056,Smokin' Barrel
1057,Lexington Beerworks
1058,Hooters Parker Road
1059,Mumbai
1060,Hooters Parker Road
1061,VMoksha Bangalore
1062,Hooters Westminster
1063,METAIRIE 3599
1064,Robinson's Bar
1065,Hooters Lone Tree
1066,Cristall Wine Merchants
1067,Manali
1068,"HARLEM, NY 3733"
1069,"COLLEGE POINT, NY 3735"
1070,Roseville
1071,Hayter's & Co
1072,KENNEWICK WA 3766
1073,Hooters Loveland
1074,Bombones
1075,Cotton Calf
1076,Bubba's 33 CO Springs
1077,Kerala
1078,Maharastra
1079,Jammu
1080,Sundar's New House
1081,Mishawaka
1082,Magic Hat Brewing Co
1083,Mall of Georgia
1084,District Social
1085,Cedars Eatery
1086,Golden X Inn
1087,FINDLAY 3180
1088,"TIFFIN, OH 3787"
1089,CAROLINA FOREST 3308
1090,"JACKSONVILLE, NC 3533"
1091,MONKEY JUNCTION 3240
1092,NORTH MYRTLE BEACH 3173
1093,"PORTERS NECK, NC 3768"
1094,WILMINGTON 3532
1095,BILLINGS 3266
1096,BOZEMAN 3366
1097,"BUTTE, MT 3765"
1098,"GREAT FALLS, MT 3721"
1099,HELENA 3456
1100,"KALISPELL, MT 3785"
1101,MISSOULA 3589
1102,BAINBRIDGE 3355
1103,"CLEVELAND HEIGHTS, OH 3720"
1104,LYNDHURST 3121
1105,SANDUSKY 3332
1106,"ADRIAN, MI 3778"
1107,"BALLWIN, MO RELO 3750"
1108,BELLEVILLE 3424
1109,"BIRCH RUN, MI 3712"
1110,BRANDON 3189
1111,"BRENTWOOD, MO 3585"
1112,CALUMET CITY 3462
1113,CHESTERFIELD TOWNSHIP 3505
1114,"CHESTERFIELD, MO 3655"
1115,"CHICAGO, IL (RELO) 3689"
1116,CLEARWATER 3348
1117,CLINTON 3179
1118,"COLUMBIA, MO 3523"
1119,CREVE COEUR 3219
1120,CROWN POINT 3434
1121,"DOWNTOWN DETROIT, MI 3632"
1122,EDWARDSVILLE 3330
1123,FENTON MI 3101
1124,FENTON MO 3283
1125,FISH HAWK RANCH 3254
1126,FLINT 3441
1127,FT MYERS 3543
1128,"GAYLORD, MI 3682"
1129,GRAND BLANC 3383
1130,"HAMMOND, IN 3642"
1131,HOBART 3354
1132,HOMEWOOD 3564
1133,KIRKWOOD 3566
1134,"LAKE OZARK, MO 3708"
1135,LAKELAND 3559
1136,"LANSING, IL 3447"
1137,"LAPEER, MI 3660"
1138,"LARGO, FL 3638"
1139,MARQUETTE 3508
1140,NEW PORT RICHEY 3286
1141,"NORTH PORT, FL RELO 3716"
1142,NOVI 3130
1143,O'FALLON IL 3294
1144,"O'FALLON, MO (RELOCATION) 3656"
1145,OLDSMAR 3274
1146,PETOSKEY 3360
1147,"PINELLAS PARK, FL 3696"
1148,PORT HURON 3442
1149,RIVERVIEW 3345
1150,"ROLLA, MO 3700"
1151,"ROYAL OAK, MI 3761"
1152,SARASOTA 3269
1153,"SAULT SAINT MARIE, MI 3661"
1154,SCHERERVILLE 3060
1155,SOUTH COUNTY MALL 3231
1156,ST CHARLES 3167
1157,ST PETERS 3423
1158,"ST. PETERSBURG, FL 3792"
1159,"STERLING HEIGHTS, MI (RELO) 3690"
1160,TRAVERSE CITY 3556
1161,TROY MI 3407
1162,UNIVERSITY PARK 3591
1163,VALPARAISO 3151
1164,WARREN 3312
1165,WENTZVILLE 3390
1166,"WESLEY CHAPEL, FL 3697"
1167,"YBOR, TAMPA, FL 3645"
1168,JEFFERSON CITY MO 3443
1169,IRVINE 3347
1170,LAKE FOREST CA 3419
1171,BATTLE CREEK 3565
1172,BAY CITY 3245
1173,DANVERS 3555
1174,LEOMINSTER 3552
1175,"MONROE, MI 3260"
1176,"SHREWSBURY, MA 3694"
1177,"MIDDLETOWN, NY 3614"
1178,"ONEONTA, NY 3737"
1179,"WAPPINGERS FALLS, NY 3651"
1180,ALABASTER 3285
1181,"GARDENDALE, AL 3636"
1182,HOOVER 3133
1183,RIVER RIDGE 3163
1184,TRUSSVILLE 3232
1185,TUSCALOOSA 3320
1186,BALDWIN HILLS 3546
1187,"CARSON, CA 3758"
1188,TORRANCE 3351
1189,RAPID CITY 3500
1190,RENO 3325
1191,HARRISON 3027
1192,ELYRIA 3086
1193,BARTLESVILLE 3497
1194,BATTLEFIELD RD 3216
1195,BENTONVILLE 3227
1196,"BONITA SPRINGS, FL 3686"
1197,FAYETTEVILLE 3805
1198,HOT SPRINGS 3298
1199,HUNTSVILLE 3234
1200,JOPLIN 3824
1201,KANSAS EXPRESSWAY 3313
1202,LINCOLN 3039
1203,"LINCOLN, ANDERMATT, NE 3745"
1204,WATERCRESS 3813
1205,"MOUNTAIN HOME, AR 3718"
1206,"NAPLES, FL 3631"
1207,SPRINGDALE 3318
1208,"ST ROBERT, MO 3587"
1209,TAMARIN RIDGE 3209
1210,TEXARKANA 3553
1211,CARY STREET 3158
1212,CHARLOTTESVILLE 3014
1213,CULPEPER 3392
1214,FREDERICKSBURG 3138
1215,FREDERICKSBURG II 3561
1216,GLEN ALLEN 3250
1217,HULL STREET 3277
1218,"MIDLOTHIAN, VA 3749"
1219,RICHMOND VA 3089
1220,JFK AIRPORT 3483
1221,BLOOMINGTON IL 3233
1222,EAST PEORIA 3246
1223,EFFINGHAM 3413
1224,FORSYTH 3415
1225,"JACKSONVILLE, IL 3710"
1226,"NORMAL, IL 3752"
1227,"PEKIN, IL 3751"
1228,PEORIA 3174
1229,PERU IL 3477
1230,QUINCY 3369
1231,SPRINGFIELD DIRKSEN 3526
1232,SPRINGFIELD-WABASH ST 3317
1233,"27TH STREET MILWAUKEE, WI 415"
1234,"76TH and DODGE, NE 39"
1235,"ADDISON, TX 100"
1236,"AGGIEVILLE, KS 74"
1237,"ALBANY, GA 352"
1238,"ALCOA, TN 218"
1239,"ALEXANDRIA, VA 557"
1240,"ALPHARETTA, GA 109"
1241,"AMES, IA 303"
1242,"ANKENY, IA 205"
1243,"APPLE VALLEY, MN 28"
1244,"ARLINGTON, TX 192"
1245,"ASHEVILLE, NC 254"
1246,"ASHWAUBENON, WI 82"
1247,"AUGUSTA, GA 326"
1248,"AURORA - HAVANA, CO 300"
1249,"AURORA, IL 186"
1250,"BALLSTON, VA 379"
1251,"BARRETT CREEK, GA 87"
1252,"BAXTER, MN 147"
1253,"BAY SHORE, NY 548"
1254,"BAYTOWN, TX 270"
1255,"BEAUFORT, SC 376"
1256,"BEAVERCREEK, OH 361"
1257,"BEDFORD, TX 197"
1258,"BEECHMONT, OH 393"
1259,"BELLEVUE, NE 67"
1260,"Bellingham, WA 508"
1261,"BELOIT, WI 572"
1262,"BELTON, MO 170"
1263,"BERWYN, IL 330"
1264,"BLAINE, MN 479"
1265,"BLAIRS FERRY, IA 151"
1266,"BLOOMINGDALE, IL 392"
1267,"BLOSSOM HILL, CA 423"
1268,"BLUE ASH, OH 70"
1269,"BOWLING GREEN, KY 19"
1270,"BOYNTON BEACH, FL 534"
1271,"Braintree, MA 507"
1272,"BRENTWOOD, CA 389"
1273,"BRIGHTON, CO 214"
1274,"BROCKTON, MA 449"
1275,"BROOKFIELD, WI 418"
1276,"BRUNSWICK, GA 279"
1277,"Buford, GA - Mall of Georgia 579"
1278,"BURLESON, TX 120"
1279,"BURLINGTON, NC 208"
1280,"CALHOUN STREET, OH 162"
1281,"CAMILLUS, NY 535"
1282,"CARROLLTON, TX 220"
1283,"CARSON CITY, NV 589"
1284,"CASPER, WY 595"
1285,"CASSELBERRY, FL 538"
1286,"CEDAR FALLS, IA 276"
1287,"CEDAR HILL, TX 102"
1288,"CEDAR RAPIDS, IA 309"
1289,"CENTENNIAL LV, NV 180"
1290,"CENTEREACH, NY 549"
1291,"CENTERVILLE, GA 332"
1292,"CERRITOS, CA 308"
1293,"CHAMPLIN, MN 89"
1294,"CHANDLER, AZ 247"
1295,"CHANHASSEN, MN 88"
1296,"CHARLOTTE NORTHLAKE, NC 468"
1297,"CHARLOTTE, NC 121"
1298,"CHEYENNE, WY 403"
1299,"CHICAGO THE MAXWELL, IL 566"
1300,"CHULA VISTA EASTLAKE, CA 491"
1301,"CHULA VISTA, CA 395"
1302,"CICERO, NY 153"
1303,"CIRCLEVILLE, OH 234"
1304,"CITRUS HEIGHTS, CA 274"
1305,"CLARKSVILLE, IN 223"
1306,"CLARKSVILLE, TN 305"
1307,"CLERMONT, FL 539"
1308,"CLEVELAND, TN 340"
1309,"CLIFTON PARK, NY 278"
1310,"Coeur d'Alene, ID 512"
1311,"COLERAIN, OH 525"
1312,"COLORADO SPRINGS, CO 277"
1313,"COLUMBUS, GA 115"
1314,"CONCORD, NC 183"
1315,"CONCORDVILLE, PA 374"
1316,"CONROE, TX 150"
1317,"COOKEVILLE, TN 385"
1318,"COOL SPRINGS, TN 344"
1319,"COON RAPIDS, MN 76"
1320,"CORAL SPRINGS, FL 450"
1321,"CORALVILLE, IA 152"
1322,"CORONA, CA 454"
1323,"COUNCIL BLUFFS, IA 238"
1324,"CRANBERRY TOWNSHIP, PA 298"
1325,"CRYSTAL CITY, VA 291"
1326,"CRYSTAL, MN 69"
1327,"CYPRESS, TX 140"
1328,"DALY CITY, CA 424"
1329,"DAVENPORT, IA 133"
1330,"DAYTON, OH 358"
1331,"DAYTONA BEACH, FL 540"
1332,"DE KALB, IL 110"
1333,"DELAWARE, OH 77"
1334,"DENTON, TX 269"
1335,"DERBY, KS 242"
1336,"DEVINE STREET, SC 368"
1337,"DOTHAN, AL 421"
1338,"DOUGLASVILLE, GA 99"
1339,"DOWNEY, CA 315"
1340,"DOWNINGTOWN, PA 306"
1341,"DOWNTOWN CHATTANOOGA, TN 248"
1342,DOWNTOWN SEATTLE 494
1343,"DUBLIN, OH 20"
1344,"DUBUQUE, IA 146"
1345,"DULLES, VA 241"
1346,"DULUTH, MN 255"
1347,"DURHAM, NC 350"
1348,"EAGAN, MN 200"
1349,"EAGLE PLAZA, IN 50"
1350,"EAST CALUMET, WI 65"
1351,"EAST TOWNE MALL, WI 413"
1352,"EASTON, PA 297"
1353,"EAU CLAIRE, WI 94"
1354,"EDINA, MN 499"
1355,"ELIZABETHTOWN, KY 586"
1356,"ELK GROVE VILLAGE, IL 573"
1357,"ELK RIVER, MN 40"
1358,"ENCINITAS, CA 464"
1359,"ENGLEWOOD, OH 365"
1360,"EVERETT, WA 585"
1361,"FAIRFIELD, OH 317"
1362,"FALLS CHURCH, VA 561"
1363,"FARMINGDALE, NY 550"
1364,"FEDERAL WAY, WA 419"
1365,"FINGERLAKES, NY 169"
1366,"FITCHBURG, WI 412"
1367,"FLAMINGO, NV 178"
1368,"FLORENCE, KY 25"
1369,"FLORENCE, SC 371"
1370,"FOLSOM, CA 283"
1371,"FOND DU LAC, WI 459"
1372,"FORT DODGE, IA 518"
1373,"FORT WRIGHT, KY 97"
1374,"FRANKFORT, KY 383"
1375,"FREMONT, CA 516"
1376,"FRESNO, CA 284"
1377,"FRISCO, TX 273"
1378,"FT COLLINS, CO 122"
1379,"FT WORTH SOUTH HULEN, TX 196"
1380,"GAHANNA, OH 23"
1381,"GAINESVILLE, GA 398"
1382,"GAINESVILLE, VA 229"
1383,"GALLATIN, TN 221"
1384,"GALLERIA, NV 176"
1385,"GARLAND, TX 194"
1386,"GARNER, NC 113"
1387,"GASTONIA, NC 244"
1388,"GENEVA, IL 129"
1389,"GEORGESVILLE, OH 59"
1390,"GEORGETOWN, KY 466"
1391,"GERMANTOWN, WI 520"
1392,"GIBSONIA, PA 189"
1393,"GILLETTE, WY 596"
1394,"GLENDALE, WI 281"
1395,"GLOUCESTER, NJ 312"
1396,"GOODYEAR, AZ 396"
1397,"GRACELAND, OH 143"
1398,"GRAND CHUTE, WI 354"
1399,"GRAND ISLAND, NE 313"
1400,"GRAND JUNCTION, CO 378"
1401,"GRAND PARKWAY, TX 225"
1402,"GRAND PRAIRIE, TX 98"
1403,"GRAPEVINE, TX 116"
1404,"Greece, NY 511"
1405,"GREELEY, CO 125"
1406,"GREEN RIVER, IN 45"
1407,"GREENBRIER, VA 199"
1408,"GREENSBURG, PA 386"
1409,"GREENVILLE, SC 265"
1410,"GREENWAY COMMONS, TX 446"
1411,"GURNEE, IL 577"
1412,"HACKS CROSS, TN 91"
1413,"HAMBURG, NY 287"
1414,"HAMPTON, VA 470"
1415,"HANOVER, PA 397"
1416,"HAPPY VALLEY, AZ 266"
1417,"HARBISON, SC 372"
1418,"HARPERS STATION, OH 201"
1419,"HARRISBURG, PA 417"
1420,"HEMET, CA 455"
1421,"HENDERSON, NV 175"
1422,"HENDERSONVILLE, TN 240"
1423,"HENRIETTA, NY 203"
1424,"HERMITAGE, PA 498"
1425,"HERMITAGE, TN 239"
1426,"HICKORY, NC 388"
1427,"HIGHLAND RANCH, CO 381"
1428,"HIGHLAND VILLAGE, TX 294"
1429,"HIGHPOINT, NC 130"
1430,"HILLCREST, VA 204"
1431,"HIRAM, GA 85"
1432,"HIXSON, TN 256"
1433,"HOLLY SPRINGS, NC 439"
1434,"HOLLYWOOD, CA 349"
1435,"HORIZON, NV 181"
1436,"HORSEHEADS, NY 260"
1437,"HOUSTON NORTH FREEWAY, TX 569"
1438,"HUBER HEIGHTS, OH 362"
1439,"HUDSON, WI 164"
1440,"HUNTSVILLE, TX 598"
1441,"HUTCHINSON, KS 574"
1442,"IDAHO FALLS, ID 590"
1443,"INDEPENDENCE, MO 92"
1444,"IRVING, TX 103"
1445,"ITHACA, NY 267"
1446,"JACKSON, TN 353"
1447,"JACKSONVILLE THE AVENUES, FL 487"
1448,"JANESVILLE, WI 228"
1449,"JEFFERSONTOWN, KY 35"
1450,"JENSEN BEACH, FL 523"
1451,"JOHNSON CITY, TN 394"
1452,"KATY, TX 311"
1453,"KEARNEY, NE 584"
1454,"KELLER, TX 101"
1455,"KENOSHA, WI 132"
1456,"KENWOOD, OH 61"
1457,"KETTERING, OH 366"
1458,"KINGSPORT, TN 286"
1459,"KISSIMMEE THE GATEWAY STATION SHOPPING CENTER, FL 544"
1460,"KISSIMMEE WESTWIND COMMERCIAL, FL 541"
1461,"KNIGHTDALE, NC 206"
1462,"KOHLER, WI 524"
1463,"LA HOWARD HUGHES, CA 472"
1464,"LAKE CITY, FL 581"
1465,"LAKE JACKSON, TX 502"
1466,"LAKE WORTH, TX 157"
1467,"LAKEVILLE, MN 227"
1468,"LAKEWOOD CITY COMMONS, CO 136"
1469,"LAKEWOOD, CA 437"
1470,"LAKEWOOD, CO 106"
1471,"LANCASTER, PA 495"
1472,"LANE and HIGH, OH 145"
1473,"LANGHORNE, PA 320"
1474,"LARKRIDGE, CO 264"
1475,"LAS VEGAS MIRACLE MILE, NV 587"
1476,"LAWRENCE, IN 339"
1477,"LAWRENCE, KS 522"
1478,"LAYTON, UT 377"
1479,"LEBANON, OH 144"
1480,"LEE'S SUMMIT, MO 79"
1481,"LEESBURG, VA 289"
1482,"LEHI, UT 348"
1483,"LEMMON AVE, TX 155"
1484,"LEWISVILLE, TX 124"
1485,"LEXINGTON PARK, MD 336"
1486,"LEXINGTON, SC 369"
1487,"LOGAN, UT 433"
1488,"LOMBARD, IL 188"
1489,"LONG BEACH, CA 390"
1490,"LONGMONT, CO 111"
1491,"LOUISVILLE, KY 570"
1492,"LOVELAND, CO 323"
1493,"LUFKIN, TX 285"
1494,"LYNNWOOD, WA 351"
1495,"MACHESNEY PARK, IL 211"
1496,"MACON, GA 481"
1497,"MADISON PIKE, KY 235"
1498,"MALL OF AMERICA, MN 319"
1499,"MANASSAS, VA 345"
1500,"MANITOWOC, WI 480"
1501,"MANSFIELD, MA 482"
1502,"MANSFIELD, TX 161"
1503,"MAPLE, NE 72"
1504,"MAPLEWOOD, MN 118"
1505,"MARION, OH 576"
1506,"MARYSVILLE, OH 168"
1507,"MARYSVILLE, WA 448"
1508,"MASON CITY, IA 171"
1509,"MATTHEWS, NC 104"
1510,"MAYFAIR, WI 408"
1511,"MAYS LANDING, NJ 434"
1512,"MCHENRY, IL 486"
1513,"MCKINNEY, TX 207"
1514,"MECHANICSBURG, PA 400"
1515,"MERIDIAN, ID 591"
1516,"MERLE HAY ROAD, IA 263"
1517,"MESQUITE, TX 198"
1518,"METRO CENTER, AZ 375"
1519,"MIDDLETOWN, KY 18"
1520,"MIDTOWN, TX 445"
1521,"MIDVALE, UT 406"
1522,"MILFORD, OH 75"
1523,"MILLVILLE, NJ 346"
1524,"MISSION VALLEY, CA 476"
1525,"MODESTO, CA 272"
1526,"MOLINE, IL 231"
1527,"MONONA, WI 411"
1528,"MONROE, NC 529"
1529,"MONTECITO, NV 179"
1530,"MONTGOMERY, AL 560"
1531,"MONTICELLO, MN 210"
1532,"MOORESTOWN, NJ 503"
1533,"MOORESVILLE, NC 427"
1534,"MORRISTOWN, TN 602"
1535,"MORRISVILLE, NC 357"
1536,"MOSCOW, ID 604"
1537,"MT JULIET, TN 243"
1538,"MURFREESBORO, TN 84"
1539,"MUSCATINE, IA 475"
1540,"NAMPA, ID 592"
1541,"NAPERVILLE, IL 428"
1542,"NASCAR HOF, NC 259"
1543,"NASHVILLE WEST, TN 251"
1544,"NATOMAS, CA 420"
1545,"NEW BERLIN, WI 410"
1546,"NEW MARKET, KS 66"
1547,"NEWPORT NEWS, VA 187"
1548,"NEWPORT, KY 233"
1549,"NIAGARA FALLS, NY 307"
1550,"NORFOLK, VA 327"
1551,"NORTH ACADEMY, CO 114"
1552,"NORTH BABYLON, NY 551"
1553,"NORTH DARTMOUTH, MA 462"
1554,"NORTH JACKSONVILLE, FL 293"
1555,"NORTH LAS VEGAS, NV 174"
1556,"NORTH ROCK, KS 58"
1557,"NORTH SMITHFIELD, RI 558"
1558,"NORTHEAST COLUMBIA, SC 370"
1559,"NORTHRIDGE, CA 500"
1560,"NORWOOD, OH 10"
1561,"OAK CREEK, WI 219"
1562,"OAK PARK HEIGHTS, MN 158"
1563,"OAKDALE, MN 126"
1564,"OCEANFRONT, VA 422"
1565,"OCEANSIDE, CA 496"
1566,"OLATHE, KS 299"
1567,"Old Capitol Mall, IA 56"
1568,"OLIVE BRANCH, MS 96"
1569,"OLYMPIA, WA 438"
1570,"ONALASKA, WI 216"
1571,"OPELIKA, AL 128"
1572,"ORANGE PARK, FL 314"
1573,"ORANGE VILLAGE AT ORANGE, CA 588"
1574,"ORLANDO CROSSROADS AT LAKE BUENA VISTA, FL 543"
1575,"ORLANDO INTERNATIONAL DRIVE, FL 542"
1576,"ORLANDO SEAWORLD INTERNATIONAL CENTER, FL 545"
1577,"ORLANDO TOWERS AT WATERFORD, FL 547"
1578,ORLANDO UNIVERSITY DRIVE FL 546
1579,"OSHKOSH, WI 156"
1580,"OSWEGO, IL 159"
1581,"OVERLAND PARK SOUTH, KS 215"
1582,"OVERLAND PARK, KS 26"
1583,"OWATONNA, MN 282"
1584,"OWENSBORO, KY 32"
1585,"OXFORD, OH 363"
1586,"OXNARD, CA 301"
1587,"PADUCAH, KY 253"
1588,"PALM DESERT, CA 456"
1589,"PAPILLION, NE 212"
1590,"PARK MEADOWS, CO 95"
1591,"PEMBROKE PINES, FL 497"
1592,"PENSACOLA, FL 230"
1593,"PEWAUKEE, WI 209"
1594,"PITTSBURG, KS 533"
1595,"PLAINFIELD, IN 338"
1596,"PLANO, TX 141"
1597,"PLANTATION, FL 514"
1598,"PLYMOUTH, MN 55"
1599,"POCATELLO, ID 593"
1600,"POLARIS PKWY, OH 83"
1601,"POOLER, GA 567"
1602,"POPLAR PLAZA, TN 131"
1603,"POWELL, OH 213"
1604,"PUEBLO CROSSING, CO 127"
1605,"PUENTE HILLS, CA 333"
1606,"PUYALLUP, WA 391"
1607,"QUEEN CREEK, AZ 601"
1608,"RACINE, WI 465"
1609,"RED MILL, VA 226"
1610,"RHODES RANCH, NV 177"
1611,"RICE VILLAGE, TX 442"
1612,"RICHMOND, IN 367"
1613,"RICHMOND, KY 250"
1614,"RIVERDALE, UT 405"
1615,"RIVERHEAD, NY 552"
1616,"RIVERSIDE, CA 531"
1617,"ROCK HILL, SC 431"
1618,"ROCKFORD, IL 202"
1619,"ROCKWALL, TX 119"
1620,"ROCKY MOUNT, NC 599"
1621,"ROOSEVELT BOULEVARD, PA 310"
1622,"ROSENBERG, TX 142"
1623,"ROSEVILLE, MN 355"
1624,"ROYAL OAKS, TX 444"
1625,"SALINA, KS 517"
1626,"SALINAS, CA 485"
1627,"SAN DIEGO SPORTS ARENA, CA 488"
1628,"SAN JOSE, CA 334"
1629,"SAN LUIS OBISPO, CA 509"
1630,"SAN MARCOS, CA 583"
1631,"SANDY, UT 426"
1632,"SANFORD, FL 556"
1633,"SANFORD, NC 568"
1634,"SANTA ANA, CA 530"
1635,"SANTEE, CA 347"
1636,"SAVAGE, MN 123"
1637,"SAVANNAH, GA 492"
1638,"SCHAUMBURG, IL 342"
1639,"SCOTTSDALE NORTH, AZ 489"
1640,"SCRANTON, PA 521"
1641,"SE DES MOINES, IA 483"
1642,"SEASIDE, CA 416"
1643,"SECAUCUS, NJ 471"
1644,"SELINSGROVE, PA 603"
1645,"SEVIERVILLE, TN 304"
1646,"SHERMAN OAKS, CA 457"
1647,"SHERMAN, TX 117"
1648,"SHOAL CREEK, MO 154"
1649,"SHOREWOOD, IL 166"
1650,"SIERRA VISTA, AZ 528"
1651,"SILVERDALE, WA 532"
1652,"SIMI VALLEY, CA 578"
1653,"SIOUX CITY, IA 160"
1654,"SKIBO ROAD, NC 73"
1655,"SMYRNA, TN 173"
1656,"SOUTH BROADWAY, KY 15"
1657,"SOUTH ELGIN, IL 165"
1658,"SOUTH JORDAN, UT 401"
1659,"SOUTH STRIP LV, NV 182"
1660,"SOUTHAVEN, MS 148"
1661,"SPARKS, NV 597"
1662,"SPARTANBURG, SC 343"
1663,"SPOKANE NORTHTOWN MALL, WA 571"
1664,"SPOKANE VALLEY, WA 461"
1665,"SPRING HILL, TN 222"
1666,"SPRING, TX 134"
1667,"SPRINGBORO, OH 364"
1668,"ST CLOUD, MN 93"
1669,"ST JOSEPH, MO 193"
1670,ST PAUL-SNELLING 458
1671,"ST. AUGUSTINE, FL 515"
1672,"ST. GEORGE, UT 469"
1673,"STAFFORD, VA 288"
1674,"STAPLETON, CO 335"
1675,"STATESBORO, GA 484"
1676,"STEELE CREEK, NC 404"
1677,"STEVENS POINT, WI 275"
1678,"STOCKTON, CA 295"
1679,"STONECREST, GA 86"
1680,"SUFFOLK, VA 268"
1681,"SUGARCREEK, OH 359"
1682,"SUMTER, SC 580"
1683,"SUPERIOR, CO 108"
1684,"SUPERSTITION SPRINGS, AZ 195"
1685,"SURPRISE, AZ 460"
1686,"SW PLAZA, NE 27"
1687,"TACOMA, WA 331"
1688,"TALKING STICK, AZ 453"
1689,"TALLAHASSEE, FL 452"
1690,"TEMPE, AZ 271"
1691,"TERRE HAUTE, IN 321"
1692,"THE POINTE, PA 21"
1693,"THORNTON, CO 190"
1694,"TODD CENTER, KY 49"
1695,"TOMBALL, TX 252"
1696,"TONAWANDA, NY 329"
1697,"TOPEKA WANAMAKER, KS 149"
1698,"TRACY, CA 425"
1699,"TUCSON BROADWAY, AZ 526"
1700,"TUCSON RIVERFRONT PLAZA, AZ 527"
1701,"TUCSON, AZ 382"
1702,"TUKWILA, WA 478"
1703,"TULLAHOMA, TN 582"
1704,"TURKEY CREEK, TN 257"
1705,"TURLOCK, CA 559"
1706,"UNION CITY, CA 505"
1707,University of Minnesota 292
1708,"UNIVERSITY, WI 414"
1709,"Upper Providence, PA 506"
1710,"VALDOSTA, GA 246"
1711,"VICTORIA, TX 232"
1712,"VIERA, FL 564"
1713,"VIRGINIA BEACH, VA 172"
1714,"VISALIA, CA 322"
1715,"WALDORF, MD 341"
1716,"WALLISVILLE ROAD, TX 138"
1717,"WARRENSBURG, MO 575"
1718,"WARRENVILLE, IL 429"
1719,"WARRINGTON, PA 554"
1720,"WARWICK, RI 490"
1721,"WASHINGTON AVE, TX 447"
1722,"WASHINGTON, PA 513"
1723,"WATER STREET, WI 407"
1724,"WATERFORD, CT 553"
1725,"WATERTOWN, NY 163"
1726,"WAUKEGAN, IL 185"
1727,"WAUKESHA, WI 249"
1728,"WAUSAU, WI 81"
1729,"WAXAHACHIE, TX 217"
1730,"WEATHERFORD, TX 224"
1731,"WEBSTER, NY 563"
1732,"WELLINGTON, FL 399"
1733,"WEST ALLIS, WI 409"
1734,"WEST BEND, WI 167"
1735,"WEST CARROLLTON, OH 360"
1736,"WEST CHESTER, OH 60"
1737,"WEST DES MOINES, IA 135"
1738,"WEST MELBOURNE, FL 328"
1739,"WEST MIFFLIN, PA 318"
1740,"WEST PALM BEACH, FL 493"
1741,"WEST VALLEY CITY, UT 402"
1742,"WESTGATE, AZ 463"
1743,"WESTMINSTER, CO 137"
1744,"WHITEHALL, OH 184"
1745,"WHITEHALL, PA 474"
1746,"Whittier, CA 510"
1747,"WILKES BARRE, PA 519"
1748,"WILKINS TOWNSHIP, PA 302"
1749,"WILLIAMSBURG, VA 245"
1750,"WILLIAMSPORT, PA 473"
1751,"WILLOWBROOK PLAZA, TX 443"
1752,"WILLOWBROOK, IL 258"
1753,"WILSON, NC 236"
1754,"WINSTON SALEM, NC 105"
1755,"WOLFCHASE, TN 71"
1756,"WOODBRIDGE, VA 280"
1757,"WOODRIDGE, IL 430"
1758,"YORK WEST, PA 562"
1759,"YORK, PA 384"
1760,"ZONA ROSA, MO 296"
1761,"AVENTURA, FL 3668"
1762,CUTLER BAY 3438
1763,DOLPHIN MALL 3461
1764,"SOUTH MIAMI, FL 3576"
1765,ALISO VIEJO 3558
1766,BUENA PARK 3463
1767,HUNTINGTON BEACH 3593
1768,MISSION VIEJO 3514
1769,"ORANGE, CA 3575"
1770,BLACKSBURG 3083
1771,LYNCHBURG 3244
1772,NORTH CHARLESTON 3387
1773,Valley View 3275
1774,Tanglewood 3160
1775,SUMMERVILLE 3329
1776,BRADLEY 3367
1777,CHICAGO RIDGE 3460
1778,FRANKFORT 3210
1779,"NEW LENOX, IL 3755"
1780,ORLAND PARK 3126
1781,TINLEY PARK 3258
1782,MEDINA 3044
1783,STRONGSVILLE 3124
1784,WARRENSVILLE HEIGHTS 3596
1785,HUTCHINSON 3535
1786,MANKATO-ST ANDREWS DR 3259
1787,"HARRISONBURG, VA RELO 3739"
1788,MARTINSBURG 3335
1789,WAYNESBORO 3518
1790,WINCHESTER 3111
1791,"ROCHESTER, MN 3113"
1792,"HUNTINGTON, WV 3713"
1793,MOUNDSVILLE 3400
1794,PARKERSBURG 3108
1795,ST CLAIRSVILLE 3084
1796,"BECKLEY, WV 3579"
1797,BETHEL 3007
1798,BRIDGEPORT 3380
1799,"BUCKHANNON, WV 3711"
1800,CORRIDOR G 3465
1801,ERIE 3290
1802,GRANDVIEW OH 3391
1803,"GREENVILLE, OH 3748"
1804,HILLIARD 3114
1805,LIMA 3426
1806,MORGANTOWN 2 3601
1807,MORGANTOWN 3048
1808,NITRO CROSS LANES WV 3479
1809,ST MARYS 3590
1810,ALA MOANA 3452
1811,ALAMO RANCH 3503
1812,"ALAMOGORDO, NM 3658"
1813,"ALB, GIBSON ROAD, NM 3670"
1814,"ALB, ILIFF ROAD, NM 3659"
1815,ALB-COTTONWOOD 3478
1816,ALB-MONTGOMERY BLVD. 3388
1817,AUSTIN 183 AND I-35 (formerly Anderson Lane) 3470
1818,AUSTIN PARMER AND I-35 (formerly Parmer Lane) 3395
1819,AUSTIN STASSNEY LANE AND I-35 3482
1820,BROWNSVILLE 3128
1821,"CARLSBAD, NM 3756"
1822,CEDAR PARK 3425
1823,COLLEGE STATION 3238
1824,CORPUS CHRISTI 3182
1825,DEZAVALA 3192
1826,EL PASO 3457
1827,EL PASO II 3560
1828,"EWE BEACH, HI 3742"
1829,"FARMINGTON, NM 3715"
1830,HARLINGEN 3144
1831,"HOBBS, NM 3666"
1832,"KILLEEN, TX 3228"
1833,LAREDO 3273
1834,LAS CRUCES NM 3397
1835,LIVE OAK 3235
1836,LONGVIEW 3304
1837,"LOS LUNAS, NM 3763"
1838,MCALLEN(2) 3467
1839,"MCALLEN, TX (RELOCATION) 3578"
1840,"PEARL HIGHLANDS, HI 3639"
1841,"ROSWELL, NM 3740"
1842,SA CITY BASE 3263
1843,SA LEGACY 3291
1844,SA SEA WORLD 3279
1845,"SANTA FE, NM 3653"
1846,TYLER 3372
1847,WACO 3280
1848,"WALZEM-WINDCREST, SAN ANTONIO, TX 3725"
1849,WESLACO 3451
1850,ZARZAMORA 3455
1851,"DICKINSON, ND 3734"
1852,MINOT 3422
1853,"WILLISTON, ND 3624"
1854,"BEMIDJI, MN 3684"
1855,"ANDERSON, IN RELO 3728"
1856,BROWNSBURG 3525
1857,CASTLETON 3011
1858,CRAWFORDSVILLE 3368
1859,DOWNTOWN INDY 3416
1860,FISHERS 3225
1861,FISHERS-GEIST 3474
1862,GLENDALE MALL (BROADRIPPLE RELO) 3678
1863,GREENWOOD 3172
1864,GREENWOOD(2) 3342
1865,KOKOMO 3522
1866,LAFAYETTE 3297
1867,MARION IN 3357
1868,SPEEDWAY 3411
1869,WEST LAFAYETTE 3105
1870,WILLOW LAKE 3125
1871,COPPERFIELD 3495
1872,"HEDWIG VILLAGE, TX 3654"
1873,SUGAR LAND 3339
1874,AMARILLO 3323
1875,AMARILLO(2) 3448
1876,BROKEN ARROW 3309
1877,"CONWAY, AR 3577"
1878,DEL CITY 3420
1879,EDMOND 3199
1880,"FT SMITH, AR 3572"
1881,"JONESBORO, AR 3691"
1882,LITTLE ROCK 3449
1883,"LUBBOCK #3, TX 3736"
1884,LUBBOCK 3149
1885,LUBBOCK(2) 3398
1886,MIDLAND TX 3271
1887,MOORE 3185
1888,"NORMAN, OK 3643"
1889,NORTH LITTLE ROCK 3621
1890,ODESSA 3215
1891,OKLAHOMA CITY 140 3361
1892,"OWASSO, OK 3777"
1893,SHAWNEE 3501
1894,STILLWATER 3262
1895,TULSA HILLS 3439
1896,"TULSA, OK 3571"
1897,"YUKON, OK 3722"
1898,"BRANSON, MO 3764"
1899,"RUSSELVILLE, AR 3683"
1900,BURLINGTON IA 3541
1901,GALESBURG 3389
1902,MACOMB 3352
1903,MATTOON 3382
1904,NORTH CHAMPAIGN 3092
1905,SAVOY 3327
1906,STERLING 3515
1907,HOUSTON HOBBY 3396
1908,"ANCHORAGE, AK 3611"
1909,ANGOLA 3468
1910,"AUBURN, IN 3365"
1911,AVON IN 3486
1912,"BROOKLYN, OH 3714"
1913,"CHESTER, VA 3675"
1914,COLDWATER 3437
1915,COLONIAL HEIGHTS 3319
1916,COVENTRY LANE 3253
1917,DANVILLE IL 3446
1918,DANVILLE VA 3284
1919,FARMVILLE VA 3487
1920,FT WAYNE 3161
1921,GREENCASTLE 3531
1922,INDY/WASHINGTON 3326
1923,LAPORTE 3430
1924,"LEBANON, IN 3702"
1925,"LOGANSPORT, IN 3582"
1926,MAYSVILLE RD 3196
1927,MECHANICSVILLE 3381
1928,MICHIGAN CITY 3117
1929,MUNCIE 3230
1930,"NEW CASTLE, IN 3701"
1931,PORTAGE 3328
1932,"SHELBYVILLE, IN 3665"
1933,SHORT PUMP 3417
1934,"SOUTHERN PINES, NC 3719"
1935,"ST. JOSEPH, MI 3754"
1936,WARSAW 3554
1937,WESTFIELD 3265
1938,TWIN FALLS 594
1939,BISMARCK 3208
1940,"BROOKINGS, SD 3608"
1941,FARGO 3087
1942,FARGO-SOUTH 3188
1943,GRAND FORKS 3122
1944,MOORHEAD 3507
1945,SIOUX FALLS 3061
1946,SIOUX FALLS II 3550
1947,WATERTOWN 3569
1948,"CLAREMORE, OK 3646"
1949,ENID 3393
1950,MUSKOGEE 3510
1951,OKLAHOMA CITY 3098
1952,"MANCHESTER, CT 3603"
1953,"WETHERSFIELD, CT 3707"
1954,WINDSOR 3322
1955,"BOWLING GREEN, OH 3615"
1956,DEFIANCE 3186
1957,"FREMONT, OH 3674"
1958,MAUMEE 3157
1959,"OREGON, OH 3336"
1960,PERRYSBURG 3316
1961,SYLVANIA 3202
1962,SIDNEY 3141
1963,TROY OH 3081
1964,BULLHEAD CITY 3359
1965,YUMA PALMS 3236
1966,ABILENE 3164
1967,"BROWNWOOD, TX 3703"
1968,LAWTON 3307
1969,SAN ANGELO 3218
1970,WICHITA FALLS 3243
1971,VINCENNES 3353
1972,ALEXANDRIA 3524
1973,"BEAUMONT, TX RELO 3729"
1974,COVINGTON 3539
1975,HOUMA 3363
1976,LAKE CHARLES 3264
1977,"MONROE, LA 3627"
1978,PORT ARTHUR 3385
1979,BEAR 3226
1980,BEL AIR 3473
1981,DOVER 3281
1982,LIMESTONE ROAD 3374
1983,MIDDLETOWN DE 3299
1984,NEWARK 3444
1985,REHOBOTH BEACH 3612
1986,"SALISBURY, MD 3673"
1987,EATONTOWN 3489
1988,"LINDEN, NJ 3731"
1989,"PARSIPPANY, NJ 3680"
1990,"ROCKAWAY, NJ 3634"
1991,WATCHUNG 3568
1992,"WOODBRIDGE, NJ 3730"
1993,"ATLANTA AIRPORT, GA 3672"
1994,FORT BLISS 3545
1995,"AUBURN, ME 3584"
1996,BANGOR 3588
1997,NEWINGTON 3592
1998,"ROCHESTER, NH 3628"
1999,SOUTH PORTLAND 3544
2000,"KENT, OH (RELOCATION) 3649"
2001,STREETSBORO 3171
2002,BLOOMFIELD ROAD 3242
2003,COLUMBUS IN 3300
2004,SEYMOUR 3492
2005,HAMMOND LA 3207
2006,SLIDELL 3100
2007,WOODLANDS 3107
2008,DUBLIN CA 3436
2009,FAIRFIELD 3506
2010,"LIVERMORE, CA 3676"
2011,"SAN RAMON, CA 3629"
2012,VACAVILLE 3540
2013,SPRINGFIELD-BECHTLE 3450
2014,WILMINGTON OH 3153
2015,"CASA GRANDE, AZ 3759"
2016,GILBERT 3184
2017,FAIRVIEW PARK 3445
2018,MASSILLON 3043
2019,MURRIETA 3324
2020,BOLINGBROOK 3183
2021,ELMHURST 3123
2022,MASON 3334
2023,NORTH PLAINFIELD 3154
2024,ROMEOVILLE 3213
2025,WESTERN HILLS 3074
2026,"CAMBRIDGE, OH 3732"
2027,CHILLICOTHE 3162
2028,ZANESVILLE (RELOCATION) 3598
2029,GOSHEN 3147
2030,MISHAWAKA 3301
2031,SOUTH BEND 3557
2032,CULLMAN AL 3767
2033,"DECATUR, AL 3685"
2034,"FLORENCE, AL 3536"
2035,"TUPELO, MS 3607"
2036,"BRICK, NJ 3616"
2037,BRIDGEWATER 3563
2038,NORTH BRUNSWICK 3485
2039,"PRINCETON, NJ 3793"
2040,"STATEN ISLAND, NY 3652"
2041,"TOMS RIVER, NJ 3669"
2042,"COLUMBUS, MS 3709"
2043,OXFORD MS 3630
2044,"STARKVILLE, MS 3580"
2045,FT WALTON BEACH 3109
2046,PANAMA CITY 3404
2047,BARDSTOWN 3177
2048,DIXIE HIGHWAY 3038
2049,"SPRINGHURST, KY 3650"
2050,ST MATTHEWS 3412
2051,GREENVILLE 3356
2052,MOREHEAD CITY NC 3488
2053,"NEW BERN, NC 3644"
2054,ALGONQUIN 3119
2055,HOFFMAN ESTATES 3295
2056,MT PROSPECT 3217
2057,NORTHBROOK 3509
2058,"OLD ORCHARD, IL 3760"
2059,ROUND LAKE BEACH 3191
2060,SKOKIE 3169
2061,VERNON HILLS 3293
2062,ANNAPOLIS 3520
2063,ARUNDEL MILLS 3537
2064,BOWIE 3429
2065,COLLEGE PARK 3373
2066,"COLUMBIA, MD 3704"
2067,"FREDERICK, MD 3622"
2068,"GAITHERSBURG, MD 3664"
2069,HAGERSTOWN 3252
2070,"LAUREL, MD 3647"
2071,OWINGS MILLS 3504
2072,ROCKVILLE 3464
2073,URBANA 3427
2074,WESTMINSTER MD 3257
2075,WHITE MARSH 3311
2076,CRYSTAL LAKE 3432
2077,"PASADENA, TX 3148"
2078,PEARLAND 3237
2079,WEBSTER 3206
2080,DEARBORN 3303
2081,HOWELL 3203
2082,WESTLAND 3110
2083,YPSILANTI 3378
2084,"ALLIANCE, OH 3757"
2085,AUSTINTOWN 3097
2086,BOARDMAN 3008
2087,NILES 3051
2088,KALAMAZOO(2) 3376
2089,CAPE GIRARDEAU 3132
2090,CARBONDALE 3282
2091,FARMINGTON MO 3440
2092,"MT VERNON, IL 3538"
2093,POPLAR BLUFF 3358
2094,SIKESTON 3338
2095,Click's Memphis
2096,Saltine Warrior
2097,BWW Template Test
2098,Tempe-Warner Rd
2099,Phoenix-E Jefferson
2100,BWW-TRAINING 9999
2101,BREA 3499
2102,"PASADENA, CA 3562"
2103,"REDDING, CA 3726"
2104,BURLINGTON VT 3471
2105,"CONCORD, NH 3586"
2106,"MANCHESTER, NH 3746"
2107,"PLATTSBURGH, NY 3626"
2108,"SOUTHINGTON, CT 3663"
2109,"WATERBURY, CT 3623"
2110,"BROOKLYN, NY 3331"
2111,"BROOKLYN, NY ? GATEWAY CENTER 3717"
2112,DANBURY 3431
2113,"FOREST HILLS, NY 3625"
2114,HICKSVILLE 3459
2115,MILFORD CT 3296
2116,NEW HAVEN 3402
2117,NEW ROCHELLE 3278
2118,NORTH HAVEN 3594
2119,"OCEANSIDE, NY 3784"
2120,PORT CHESTER 3272
2122,STAMFORD CT 3349
2123,"TIMES SQUARE, New York Co-Op 3695"
2124,WEST NYACK 3364
2125,WESTBURY 3617
2126,WHITE PLAINS 3405
2127,"ALGIERS, LA 3706"
2128,"ELMWOOD, LA 3637"
2129,ATHENS 3091
2130,HEATH 3029
2131,LANCASTER 3036
2132,"MT VERNON, OH 3641"
2133,"NEW PHILADELPHIA, OH 3747"
2134,PRESCOTT 3248
2136,AMBASSADOR 3175
2138,Ice Sports Forum
2139,WILLOUGHBY 3782
2140,Barleys Midland
2141,Shoney's
2142,Brixx-Northfield
2143,Eli Zabar
2144,ALAMOGORDO NM 609
2145,ALBUQUERQUE NM - COTTONWOOD MALL 611
2146,ALBUQUERQUE NM - GIBSON BLVD. SE 613
2147,ALBUQUERQUE NM - ILIFF RD. NW 612
2148,ALBUQUERQUE NM - MONTGOMERY DR. NE 610
2149,Atlanta GA - Cumberland Mall 650
2150,AUSTIN TX - I-35 AND ANDERSON LN. 620
2151,Austin TX - I-35 and E Parmer Ln. 621
2152,Austin TX - I-35 and Stassney Ln. 622
2153,BROWNSVILLE TX 623
2154,CARLSBAD NM 656
2155,CEDAR PARK TX 624
2156,COLLEGE STATION TX 625
2157,CORPUS CHRISTI TX 626
2158,DICKSON TN 658
2159,EL PASO TX - GATEWAY BLVD. W 627
2160,EL PASO TX - SUNLAND PARK DR. 628
2161,EWE BEACH HI 657
2162,FARMINGTON NM 614
2163,FORT OGLETHORPE GA 649
2164,Fresno CA - Broadway Faire 651
2165,GAINESVILLE FL 655
2166,GARDEN CITY KS 654
2167,"Hanover, MA 652"
2168,HARLINGEN TX 629
2169,HOBBS NM 615
2170,HONOLULU HI - ALA MOANA BLVD. 618
2171,KILLEEN TX 630
2172,LAREDO TX 631
2173,LAS CRUCES NM 616
2174,LONGVIEW TX 632
2175,LOS LUNAS NM 608
2176,MCALLEN TX - EXPY. 83
2177,MCALLEN TX - N 10TH ST. 633
2178,PEARL CITY HI 619
2179,ROSWELL NM 607
2180,Salt Lake City UT - Sugar House 647
2181,SAN ANTONIO TX - ALAMO RANCH 635
2182,SAN ANTONIO TX - CITY BASE 636
2183,SAN ANTONIO TX - DE ZAVALA RD. 637
2184,San Antonio TX - Hwy. 281 and Anderson Loop 639
2185,SAN ANTONIO TX - I-35 AND WALZEM RD. 638
2186,San Antonio TX - I-410 and Stozer Fwy. 641
2187,SAN ANTONIO TX - LIVE OAK 640
2188,SAN ANTONTIO TX - ZARZAMORA ST. 642
2189,SANTA FE NM 617
2190,SHERIDAN CO- 648
2191,SMITHFIELD NC 653
2192,TYLER TX 645
2193,WACO TX 643
2194,Washington DC - M St. 646
2195,WESLACO TX 644
2196,Westerville 660
2197,"Zionsville, IN 3783"
2198,East Edmond 3786
2199,"Fayetteville, TN 3794"
2200,"STURGIS, MI 3790"
2201,"Gulfport, MS 3788"
2202,LAUREL 3469
2203,MERIDIAN 3528
2204,Rattle N Hum West
2206,"Chicago, IL - Brickyard 662"
2209,"Hayward, CA 600"
2218,"Elkhart, IN 3781"
2220,"Orlando, FL - I-Drive 555"
2221,TRATA
2222,"Concord, CA 665"
2223,"Gainesville, FL 655"
2225,"Smithfield, NC 653"
2227,"Homestead, FL 3799"
2231,"Bradenton, FL 3779"
2232,Fairfax
2233,Downtown Cleveland 3804
2234,Fairfax 666
2235,"Morris, IL 668"
2236,Humble (Atascocita) 3806
2237,Pikeville 3802
2238,Garland
2239,BURLINGTON 3810
2240,"Concord, CA 665"
2241,Crossing
2242,Hogshead Tavern
2243,Ocala
2244,Boiler Brewing Company
2245,Blackmoor Bar and Kitchen
2246,Sundars Store 2
2247,BJ's Brewhouse - Boulder
2248,Lee Vista 667
2249,La Vale 3803
2250,"ABILENE 2, TX 3796"
2251,"Flemington, NJ 3753"
2252,Copper Top Vestal
2253,Webster
2254,"Milledgeville, GA 670"
2255,Pearland
2256,Marlborough Pub
2257,Brixx - Orchards
2258,Seneca Street Brew Pub
2259,Chicago Ridge 76
2260,Tampa 77
2261,"Menifee, CA 605"
2262,DeWitt NY
2263,"Hanford, CA 672"
2264,"Lodi, CA 664"
2265,Chili's Dewitt
2266,"Cape Coral, FL 3801"
2267,"Boise, ID - Downtown 671"
2268,"Deerfield Beach, FL 659"
2269,"Aurora, CO - Southlands 669"
2270,"Clinton, IA 679"
2271,"Roseville, CA 674"
2272,Edgewater
2273,Pasadena
2274,H Street Kitchen
2275,Champion's Gate 78
2276,"Pell City, AL  3816"
2277,"St. Clairsville, OH 3808"
2278,"Marlboro, NJ 3807"
2279,Your Fathers Moustache
2280,Barleys Overland Park
2281,Clarks Summit
2282,"Bryant (Benton), AR 3798"
2283,"Leavenworth, KS 685"
2284,"Waco, TX RELO 677"
2285,MORGANTOWN 3 3811
2286,"Nashua, NH 3815"
2287,Levittown 47
2288,Deer Park 52
2289,Rego Park 67
2290,Lake Grove 68
2291,Staten Island 70
2292,Commack 71
2293,Woodbridge 73
2294,Tommyknocker Brewery & Pub
2295,NASHUA NH 3815
2296,Red Robin
2297,Lansdowne Road
2298,Dave & Busters
2299,San Marcos
2300,"Middletown, OH 686"
2301,Laredo
2302,"Bellevue, WI 684"
2303,"Bristol, VA 680"
2304,"Chambersburg, PA 692"
2305,"Clovis, NM 681"
2306,"El Centro, CA 688"
2307,"Gilroy, CA 682"
2308,"Hopkinsville, KY 691"
2309,"Kaneohe, HI 689"
2310,"Miller Place, NY 678"
2311,"Millington, TN 694"
2312,"Newnan, GA 690"
2313,"Prattville, AL 687"
2314,"Seekonk, MA 683"
2315,"Tifton, GA 693"
2316,"Flowood, MS 3820"
2317,"Valley Stream, NY 3800"
2318,Tahlequah OK 3797
2319,West Covina
2320,Barley & Board
2321,Red Dot Account
2322,NH-Knickerbocker
2323,Harlingen
2324,The Pub and Grill at Ave Maria
2325,Oasis Lounge and Hookah Bar
2326,Sean's Stores
2327,Sean's Stores 2
2328,Sean's Stores 3
2329,Sean's Stores 4
2330,Sean's Stores 5
2331,Peoria 473
2332,Oracle 445
2333,Desert Ridge 447
2334,Mesa 446
2335,Chandler 422
2336,Tuscon Broadway 501
2337,Boulder 532
2338,Federales Tequila & Taco
2339,Tilted Kilt-Corp Test
2340,Test Store
2341,Sundars Store
2342,Sundars Store
2343,Southern Tier-Pittsburgh
2344,"Gonzales, LA 3812"
2345,"Ajax, ON 436"
2346,"Barrie, ON 373"
2347,"Calgary, AB - Macleod Trail 380"
2348,"Calgary, AB - Sunridge Mall 387"
2349,"East Gwillimbury, ON - Yonge and Green Lane 316"
2350,"Guelph, ON 324"
2351,"Hamilton, ON - Ancaster 467"
2352,"Hamilton, ON - Stoney Creek 435"
2353,"London, ON 356"
2354,"Mississauga, ON 325"
2355,"Oakville, ON 441"
2356,"Oshawa, ON 290"
2357,"Vaughan, ON 432"
2358,"Windsor, ON 440"
2359,Georgetown TX 698
2360,Hellcat Annie's Taproom
2361,Farmstead Brewery
2362,Richmond-554
2363,North Little Rock-571
2364,Wichita-526
2365,Aurora-453
2366,Baton Rouge-477
2367,Boulder-532
2368,Colorado Springs-502
2369,Fort Collins-539
2370,Lafayette-577
2371,Slidell-566
2372,Westminster-449
2373,Cary-592
2374,Charlottesville-593
2375,Columbia-588
2376,Frederick-548
2377,Virginia Gateway-552
2378,Henrico-564
2379,Laurel-562
2380,Newport News-563
2381,Towson-553
2382,Vienna-537
2383,Winston-Salem-585
2384,Anaheim-518
2385,Avon-568
2386,Beavercreek-580
2387,Cincinnati-469
2388,Columbus-459
2389,Columbus-569
2390,Dublin-516
2391,Fairlawn-578
2392,Florence-541
2393,Greenwood-476
2394,Lexington-586
2395,Louisville-472
2396,Mentor-595
2397,Miamisburg-547
2398,Noblesville-597
2399,North Canton-576
2400,North Olmsted-598
2401,Elk Grove-451
2402,Folsom-437
2403,Fresno-435
2404,Roseville-436
2405,Sacramento-452
2406,San Bruno-440
2407,San Jose-429
2408,San Mateo-443
2409,Vacaville-448
2410,Eugene-540
2411,Hillsboro-533
2412,Puyallup-536
2413,Redmond-535
2414,Tacoma-485
2415,Tukwila-479
2416,Norman-461
2417,Oklahoma City-466
2418,Oklahoma City-538
2419,Arcadia-416
2420,Burbank-420
2421,Cerritos-430
2422,Corona-444
2423,Glendale-468
2424,Huntington Beach-409
2425,Huntington Beach-419
2426,Irvine-421
2427,La Mesa-417
2428,Laguna Hills-438
2429,Montebello-464
2430,Moreno Valley-441
2431,Rancho Cucamonga-433
2432,Valencia-414
2433,Woodland Hills-415
2434,Allentown-594
2435,Citrus Park-467
2436,Clearwater-521
2437,Coral Springs-543
2438,Daytona Beach-500
2439,Doral-529
2440,Ft. Myers-565
2441,Gainesville-486
2442,Huntsville-573
2443,Jacksonville-514
2444,Jacksonville-542
2445,Kissimmee-474
2446,Lancaster-582
2447,Lutz-596
2448,Melbourne-575
2449,Miami-530
2450,Murfreesboro-574
2451,Nanuet-559
2452,Orlando-450
2453,Orlando-546
2454,Orlando-557
2455,Oviedo-561
2456,Pembroke Pines-510
2457,Pensacola-584
2458,Pinellas Park-460
2459,Pittsburgh-572
2460,Tallahassee-549
2461,Teterboro-591
2462,Upper St. Clair-590
2463,Valley Stream-581
2464,West Palm Beach-558
2465,Albuquerque-527
2466,Albuquerque-570
2467,Allen-491
2468,Arlington-455
2469,Austin-506
2470,Cedar Park-560
2471,College Station-513
2472,Corpus Christi-551
2473,Dallas-427
2474,Denton-556
2475,El Paso-457
2476,Fort Worth-496
2477,Fort Worth-515
2478,Houston-431
2479,Hurst-494
2480,Katy-555
2481,Lewisville-424
2482,Longview-579
2483,Lubbock-534
2484,McAllen-465
2485,Mesquite-488
2486,New Braunfels-525
2487,Pearland-481
2488,Plano-439
2489,Round Rock-522
2490,San Antonio-480
2491,San Antonio-498
2492,San Antonio-499
2493,Shenandoah-505
2494,Southlake-567
2495,Sugar Land-442
2496,Sunset Valley-471
2497,Temple-470
2498,Tyler-507
2499,Waco-519
2500,Webster-428
2501,Bakersfield-458
2502,Brea-412
2503,Brentwood-517
2504,Carlsbad-489
2505,Chandler-422
2506,Chino Hills-483
2507,Chula Vista-482
2508,City of Industry-504
2509,Concord-492
2510,Culver City-493
2511,Cupertino-425
2512,Downey-490
2513,Dublin-524
2514,Escondido-497
2515,Henderson-487
2516,Las Vegas-509
2517,Menifee-531
2518,Mesa-446
2519,Modesto-475
2520,Newark-484
2521,Orange-545
2522,Oxnard-423
2523,Palmdale-462
2524,Pasadena-528
2525,Peoria-473
2526,Phoenix-447
2527,Rancho Santa Margarita-512
2528,Reno-454
2529,Sacramento-508
2530,Salinas-523
2531,San Bernardino-434
2532,San Diego-544
2533,San Diego-587
2534,San Jose-550
2535,San Rafael-495
2536,Santa Rosa-520
2537,Sparks-503
2538,Stockton-463
2539,Summerlin-432
2540,Temecula-456
2541,Torrance-478
2542,Tucson-445
2543,Tucson-501
2544,Victorville-583
2545,West Covina-418
2546,Westlake Village-426
2547,Laguna Beach-404
2548,Newport Beach-402
2549,Portland-407
2550,Westwood-411
2551,Beau Jo's - Arvada
2552,Beau Jo's Ft. Collins
2553,Beau Jo's Idaho Springs
2554,BJ's Billing
2555,"ATHENS, AL 3814"
2556,San Antonio West
2557,Cottle Road-ABTB
2558,Fort Wayne-601
2559,Mobile AL-602
2560,Youngstown 603
2561,Bloomington 599
2562,Fredricksburg 600
2563,Columbia 604
2564,Limp Lizard
2565,"Marion, IL 3817"
2566,Tap into the MoST 1
2567,Tap into the MoST 2
2568,Tap into the MoST 3
2569,Tap into the MoST 4
2570,Tap into the MoST 5
2571,"Tampa, FL - S Dale Mabry 3818"
2572,MOBILE 3433
2573,Tap into the MoST
2574,HOA PRINT-DRAFT
2575,"FREMONT, NE 700"
2576,"MORGANTON, NC 702"
2577,"Peachtree Corners, GA 699"
2578,Bowie-605
2579,HOA PRINT-BOTLLE
2580,Kissimmee
2581,"Newburgh, NY 3821"
2582,The Black Squirrel
2583,"New Braunfels, TX 704"
2584,North Irving
2585,Kirby
2586,290
2587,Shenandoah
2588,Kirkwood
2589,Indy
2590,Corpus Christi
2591,Beaumont
2592,Baumhower's Restaurants - Daphne
2593,World of Beer-Corp
2594,Ellicott City
2595,TOPSHAM 3823
2596,JACKSON 3840
2597,Magic Hat Brewing Company
2598,Beer Promotions
2599,King's Biergarten and Restaurant
2600,Ft.Myers
2601,Draft Beer
2602,Greenville
2603,Altamonte Springs
2604,Firefly's BBQ
2605,Fort Worth 2
2606,Palm Bay
2607,"Montclair, CA 3833"
2608,Victory Brewing-Downingtown
2609,Victory Brewing-Kennett Square
2610,Victory Brewing-Parkesburg
2611,El Paso
2612,Warrenville
2613,Addison
2614,Mockingbird Station
2615,Henderson
2616,Frisco
2617,Amarillo
2618,Fayetteville
2619,Colorado Springs
2620,Clarksville
2621,Sterling Heights
2622,Galveston
2623,The Brick and Beam
2624,Olathe
2625,Independence
2626,Wichita West
2627,Wichita East
2628,Abilene
2629,"Santa Maria, CA 701"
2630,"Sailsbury, NC 710"
2631,Memphis Winchester
2632,Oklahoma City (Penn Ave)
2633,Kissimmee East
2634,"Sacramento Arden Way, CA 676"
2635,"Sedalia, MO 706"
2636,"Virginia Beach, VA 711"
2637,"Omaha, NE 712"
2638,"Quakertown, PA 703"
2639,"Temple, TX 713"
2640,Pacific Beach
2641,"Oklahoma City, OK 3835"
2642,"Franklin, IN 3832"
2643,"Newark, DE 3831"
2644,25 Broadway
2645,2221 S. Clark St
2646,Twin Peaks-Pirates Booty
2647,Clovis
2648,Lewisville
2649,Mesquite
2650,Round Rock
2651,Odessa
2652,ABQ
2653,Arapahoe
2654,De Zevala
2655,Flatirons
2656,Fossil Creek
2657,Little Rock
2658,South Austin
2659,Vegas Strip
2660,Wheeling
2661,Colorado Mills
2662,Oakbrook
2663,Orland Park
2664,Park North
2665,Plano
2666,South Fort Worth
2667,Sunland Park
2668,Westover
2669,Four Points Kingston
2670,Watertown
2671,Bakersfield
2672,Freso
2673,The Circuit
2674,The Heights
2675,"Bixby, Inc"
2676,Kennesaw
2677,Colorado Taps
2678,Training
2679,Buckhead
2680,I-Drive
2681,Jacksonville NC
2682,Hoover
2683,Lake Buena Vista
2684,Taylor 606
2685,East Islip
2686,Linden
2687,The Park Street Food Bar
2688,"Jacksonville, FL 707 "
2689,N Oklahoma City
2690,W Oklahoma City
2691,Baumhower's Lee Branch
2692,"Aubrun Wings U, LLC"
2693,"Baumhower's Bel Air, LLC"
2694,"Wing's of Huntsville, Inc"
2695,"Wings of Hoover, Inc"
2696,Baumhower's Montgomery 2
2697,"Baumhower's of Tuscaloosa North, LLC"
2698,"Baumhower's of Tuscaloosa South, LLC"
