ID,UserID,UserName,LocationId,LocationName,ProductId,ProductName,LineNumber,LineCleaningDate,StartTime,EndTime,ProductLoss,ProductLocationLoss,Confidence,Predicted,Data Science Team,Remarks,
1,251,King s Table,829,King s Table,4064,Ace Pumpkin Cider,52,2018-05-01,15:40:00,16:00:00,-131.28,-44.11,25,No,No,,
2,246,BWW-WOESSNER01,808,ARVADA(2) 3453,36,Blue Moon Belgian White,3,2018-05-01,19:40:00,21:00:00,-850.2,-269.58,34.38,No,No,,
3,246,BWW-WOESSNER01,808,ARVADA(2) 3453,49400,Stone Scorpion Bowl IPA,15,2018-05-01,19:20:00,20:20:00,-740.8,-112.16,39.58,No,No,,
4,246,BWW-WOESSNER01,808,ARVADA(2) 3453,36,Blue Moon Belgian White,3,2018-05-01,11:40:00,13:20:00,-850.2,-714.47,61.56,No,No,,
5,246,BWW-WOESSNER01,808,ARVADA(2) 3453,1052,Alaskan Amber Ale,6,2018-05-01,21:20:00,21:40:00,-731.08,-41.87,31.25,No,No,,
6,246,BWW-WOESSNER01,808,ARVADA(2) 3453,1052,Alaskan Amber Ale,6,2018-05-01,11:40:00,13:20:00,-731.08,-729.07,61.56,No,No,,
7,246,BWW-WOESSNER01,808,ARVADA(2) 3453,543,Stone IPA,21,2018-05-01,21:00:00,21:20:00,-778.71,-36.17,31.25,No,No,,
8,246,BWW-WOESSNER01,808,ARVADA(2) 3453,2690,Pabst Blue Ribbon,5,2018-05-01,11:40:00,19:40:00,-669.46,-707.08,55.5,No,No,,
9,246,BWW-WOESSNER01,808,ARVADA(2) 3453,36,Blue Moon Belgian White,3,2018-05-01,22:40:00,23:00:00,-850.2,-73.28,37.5,No,No,,
10,246,BWW-WOESSNER01,808,ARVADA(2) 3453,778,Leinenkugel Summer Shandy,25,2018-05-01,20:20:00,20:40:00,-866.27,-34.53,31.25,No,Yes,,
11,246,BWW-WOESSNER01,808,ARVADA(2) 3453,25,Bud Light,12,2018-05-01,13:00:00,13:20:00,-77.84,-55.2,62.5,No,No,,
12,246,BWW-WOESSNER01,808,ARVADA(2) 3453,478,Miller Lite,9,2018-05-01,11:40:00,19:00:00,-787.43,-790.81,55.5,No,No,,
13,246,BWW-WOESSNER01,808,ARVADA(2) 3453,5816,Coors Banquet Beer,2,2018-05-01,20:20:00,20:40:00,-776.02,-43.36,31.25,No,No,,
14,246,BWW-WOESSNER01,808,ARVADA(2) 3453,59,Coors Light,1,2018-05-01,16:40:00,17:00:00,-726.99,-73.11,31.25,No,No,,
15,246,BWW-WOESSNER01,808,ARVADA(2) 3453,49400,Stone Scorpion Bowl IPA,15,2018-05-01,21:00:00,21:20:00,-740.8,-60.41,37.5,No,No,,
16,246,BWW-WOESSNER01,808,ARVADA(2) 3453,1494,Alaskan White Ale,8,2018-05-01,11:40:00,13:20:00,-720.92,-718.83,61.56,No,No,,
17,246,BWW-WOESSNER01,808,ARVADA(2) 3453,199,Lagunitas IPA,24,2018-05-01,12:00:00,13:20:00,-857.91,-840.26,74.38,No,Yes,,
18,246,BWW-WOESSNER01,808,ARVADA(2) 3453,2532,Angry Orchard Crisp Apple Cider,4,2018-05-01,11:40:00,13:20:00,-647.9,-643.89,61.56,No,No,,
19,246,BWW-WOESSNER01,808,ARVADA(2) 3453,12691,Alaskan Icy Bay IPA,7,2018-05-01,11:40:00,13:20:00,-741.97,-729.69,61.56,No,No,,
20,246,BWW-WOESSNER01,808,ARVADA(2) 3453,12691,Alaskan Icy Bay IPA,7,2018-05-01,22:00:00,22:20:00,-741.97,-30.28,31.25,No,No,,
21,246,BWW-WOESSNER01,808,ARVADA(2) 3453,6578,Oskar Blues Barrel Aged Dale's Pale Ale,28,2018-05-01,12:40:00,13:20:00,-870.39,-848.31,74.38,No,Yes,,
22,246,BWW-WOESSNER01,808,ARVADA(2) 3453,5816,Coors Banquet Beer,2,2018-05-01,11:40:00,13:20:00,-776.02,-725.28,61.56,No,No,,
23,246,BWW-WOESSNER01,808,ARVADA(2) 3453,59,Coors Light,1,2018-05-01,11:40:00,12:40:00,-726.99,-702.97,65.83,No,No,,
24,467,Beau Jo s Colorado Pizza,2553,Beau Jo s Idaho Springs,25165,Tommyknocker Blood Orange IPA,9,2018-05-02,13:20:00,15:00:00,-152.22,-182.89,65.62,No,Yes,,
25,467,Beau Jo s Colorado Pizza,2553,Beau Jo s Idaho Springs,1215,TommyKnocker Pick Axe IPA,12,2018-05-02,13:20:00,17:20:00,-156.62,-201.92,68.75,No,Yes,,
26,357,BWW-CORP,2187,SAN ANTONIO TX - LIVE OAK 640,25,Bud Light,21,2018-05-02,15:40:00,18:20:00,-116.22,-225.22,50,No,No,,
27,357,BWW-CORP,2187,SAN ANTONIO TX - LIVE OAK 640,25,Bud Light,21,2018-05-02,22:20:00,22:40:00,-116.22,-35.39,50,No,No,,
28,357,BWW-CORP,2187,SAN ANTONIO TX - LIVE OAK 640,478,Miller Lite,3,2018-05-02,20:00:00,20:20:00,-47.48,-30.88,25,No,No,,
29,357,BWW-CORP,2187,SAN ANTONIO TX - LIVE OAK 640,34182,Stone Ripper,16,2018-05-02,12:20:00,12:40:00,-502.37,-498.14,50,No,No,,
30,357,BWW-CORP,2187,SAN ANTONIO TX - LIVE OAK 640,52,Stella Artois,4,2018-05-02,12:20:00,20:20:00,-520.35,-591.17,37.5,No,No,,
31,357,BWW-CORP,2187,SAN ANTONIO TX - LIVE OAK 640,52,Stella Artois,4,2018-05-02,21:00:00,21:20:00,-520.35,-32.32,56.25,No,No,,
32,357,BWW-CORP,2187,SAN ANTONIO TX - LIVE OAK 640,52,Stella Artois,4,2018-05-02,22:40:00,23:00:00,-520.35,-32.82,31.25,No,No,,
33,357,BWW-CORP,2187,SAN ANTONIO TX - LIVE OAK 640,2532,Angry Orchard Crisp Apple Cider,18,2018-05-02,12:20:00,12:40:00,-925.95,-927,50,No,No,,
34,357,BWW-CORP,2187,SAN ANTONIO TX - LIVE OAK 640,199,Lagunitas IPA,15,2018-05-02,12:20:00,12:40:00,-484.96,-479.48,50,No,No,,
35,357,BWW-CORP,2187,SAN ANTONIO TX - LIVE OAK 640,3197,Revolver Brewing Blood & Honey,13,2018-05-02,12:20:00,12:40:00,-410.46,-385.74,50,No,No,,
36,357,BWW-CORP,2187,SAN ANTONIO TX - LIVE OAK 640,6098,Modelo Negra,11,2018-05-02,12:20:00,12:40:00,-188.94,-184.4,50,No,No,,
37,357,BWW-CORP,2187,SAN ANTONIO TX - LIVE OAK 640,49400,Stone Scorpion Bowl IPA,20,2018-05-02,12:20:00,12:40:00,-825.33,-823.25,50,No,No,,
38,357,BWW-CORP,2187,SAN ANTONIO TX - LIVE OAK 640,6102,Guinness Draught,24,2018-05-02,12:20:00,12:40:00,-558.23,-555.98,50,No,No,,
39,357,BWW-CORP,2187,SAN ANTONIO TX - LIVE OAK 640,36906,Blue Moon Mango Wheat,22,2018-05-02,12:20:00,12:40:00,-197.98,-195.62,50,No,No,,
40,357,BWW-CORP,2187,SAN ANTONIO TX - LIVE OAK 640,917,Modelo Especial,10,2018-05-02,12:20:00,12:40:00,-287.9,-286.79,50,No,No,,
41,100,Nine Thirty Four Inc.,204,The Banshee,778,Leinenkugel Summer Shandy,7,2018-05-02,07:20:00,09:20:00,-3304.61,-2911.32,49.58,No,No,Missing PLU,
42,100,Nine Thirty Four Inc.,204,The Banshee,2433,Ballast Point Sculpin IPA,10,2018-05-02,20:40:00,21:00:00,-2804.07,-48.41,31.25,No,No,,
43,100,Nine Thirty Four Inc.,204,The Banshee,40,Heineken,16,2018-05-02,21:40:00,22:00:00,-3641.68,-75.72,31.25,No,No,,
44,100,Nine Thirty Four Inc.,204,The Banshee,40,Heineken,16,2018-05-02,20:00:00,21:20:00,-3641.68,-373.23,35.94,No,No,,
45,100,Nine Thirty Four Inc.,204,The Banshee,40,Heineken,16,2018-05-02,18:20:00,19:00:00,-3641.68,-131.2,31.25,No,No,,
46,100,Nine Thirty Four Inc.,204,The Banshee,40,Heineken,16,2018-05-02,17:20:00,18:00:00,-3641.68,-109.76,31.25,No,No,,
47,100,Nine Thirty Four Inc.,204,The Banshee,40,Heineken,16,2018-05-02,14:20:00,17:00:00,-3641.68,-612.18,32.81,No,No,,
48,100,Nine Thirty Four Inc.,204,The Banshee,40,Heineken,16,2018-05-02,19:20:00,19:40:00,-3641.68,-55.55,31.25,No,No, ,
49,100,Nine Thirty Four Inc.,204,The Banshee,154,Carlsberg,11,2018-05-02,20:20:00,20:40:00,-2679.35,-59.13,56.25,No,No,,
50,100,Nine Thirty Four Inc.,204,The Banshee,154,Carlsberg,11,2018-05-02,14:00:00,16:20:00,-2679.35,-613.69,33.04,No,No,,
51,100,Nine Thirty Four Inc.,204,The Banshee,1127,Cisco Whales Tale Pale Ale,12,2018-05-02,07:20:00,09:20:00,-2711.27,-2538.66,49.58,No,No,Missing PLU,
52,100,Nine Thirty Four Inc.,204,The Banshee,6102,Guinness Draught,1,2018-05-02,14:40:00,15:20:00,-4299.86,-144.84,34.38,No,No,,
53,100,Nine Thirty Four Inc.,204,The Banshee,6102,Guinness Draught,1,2018-05-02,20:40:00,21:20:00,-4299.86,-108.98,31.25,No,No,,
54,100,Nine Thirty Four Inc.,204,The Banshee,6102,Guinness Draught,1,2018-05-02,15:40:00,16:00:00,-4299.86,-57.63,31.25,No,No,,
55,100,Nine Thirty Four Inc.,204,The Banshee,117,Samuel Adams Summer Ale,8,2018-05-02,07:20:00,09:00:00,-3170.07,-2729.51,49.75,No,No,Missing PLU,
56,100,Nine Thirty Four Inc.,204,The Banshee,36906,Blue Moon Mango Wheat,14,2018-05-02,06:40:00,09:20:00,-3568.49,-3464.03,49.69,No,No,Missing PLU,
57,66,BWW-WARD01,388,LAKE ORION 3204,49037,Angry Orchard Rose,17,2018-05-02,19:20:00,19:40:00,-60.76,-36.68,25,No,No,,
58,66,BWW-WARD01,388,LAKE ORION 3204,61,Budweiser,2,2018-05-02,12:00:00,12:20:00,-21.32,-38.89,25,No,No,,
59,66,BWW-WARD01,388,LAKE ORION 3204,49037,Angry Orchard Rose,17,2018-05-02,21:40:00,22:00:00,-60.76,-40.11,25,No,No,,
60,203,BWW-HUTCHINSON01,1035,"GLENDALE, CA 3662",50180,Kona Hula Hefenweizen,31,2018-05-03,19:20:00,19:40:00,-112.63,-133.13,25,No,No,,
61,203,BWW-HUTCHINSON01,1035,"GLENDALE, CA 3662",25,Bud Light,3,2018-05-03,19:20:00,19:40:00,-178.75,-267.48,25,No,No,,
62,203,BWW-HUTCHINSON01,1035,"GLENDALE, CA 3662",478,Miller Lite,18,2018-05-03,19:20:00,19:40:00,-158.31,-204.7,25,No,No,,
63,203,BWW-HUTCHINSON01,1035,"GLENDALE, CA 3662",6102,Guinness Draught,33,2018-05-03,19:20:00,19:40:00,-202.45,-204.99,25,No,No,,
64,203,BWW-HUTCHINSON01,1035,"GLENDALE, CA 3662",2532,Angry Orchard Crisp Apple Cider,22,2018-05-03,19:20:00,19:40:00,-162.29,-200.34,25,No,No,,
65,203,BWW-HUTCHINSON01,1035,"GLENDALE, CA 3662",2433,Ballast Point Sculpin IPA,12,2018-05-03,22:00:00,22:20:00,-121.47,-51.77,50,No,No,,
66,203,BWW-HUTCHINSON01,1035,"GLENDALE, CA 3662",2433,Ballast Point Sculpin IPA,12,2018-05-03,19:20:00,19:40:00,-121.47,-107.32,25,No,No,,
67,203,BWW-HUTCHINSON01,1035,"GLENDALE, CA 3662",220,Dos Equis Lager Especial,4,2018-05-03,21:00:00,21:20:00,-205.11,-37.11,37.5,No,No,,
68,203,BWW-HUTCHINSON01,1035,"GLENDALE, CA 3662",59,Coors Light,1,2018-05-03,19:20:00,19:40:00,-686.66,-778.21,25,No,No,,
69,203,BWW-HUTCHINSON01,1035,"GLENDALE, CA 3662",220,Dos Equis Lager Especial,4,2018-05-03,20:20:00,20:40:00,-205.11,-37.83,37.5,No,No,,
70,203,BWW-HUTCHINSON01,1035,"GLENDALE, CA 3662",220,Dos Equis Lager Especial,4,2018-05-03,19:20:00,19:40:00,-205.11,-295.37,25,No,No,,
71,203,BWW-HUTCHINSON01,1035,"GLENDALE, CA 3662",199,Lagunitas IPA,10,2018-05-03,23:00:00,23:20:00,-491.1,-39.47,31.25,No,No,,
72,203,BWW-HUTCHINSON01,1035,"GLENDALE, CA 3662",199,Lagunitas IPA,10,2018-05-03,20:40:00,21:00:00,-491.1,-38.47,31.25,No,No,,
73,203,BWW-HUTCHINSON01,1035,"GLENDALE, CA 3662",220,Dos Equis Lager Especial,4,2018-05-03,21:40:00,22:00:00,-205.11,-56.7,68.75,No,No,,
74,203,BWW-HUTCHINSON01,1035,"GLENDALE, CA 3662",36,Blue Moon Belgian White,2,2018-05-03,22:20:00,22:40:00,-411.12,-48.83,37.5,No,No,,
75,203,BWW-HUTCHINSON01,1035,"GLENDALE, CA 3662",25,Bud Light,3,2018-05-03,23:20:00,23:40:00,-178.75,-33.1,31.25,No,No,,
76,203,BWW-HUTCHINSON01,1035,"GLENDALE, CA 3662",49400,Stone Scorpion Bowl IPA, ,2018-05-03,19:20:00,22:20:00,-187.86,-217.65,37.5,No,No,,
77,203,BWW-HUTCHINSON01,1035,"GLENDALE, CA 3662",59,Coors Light,1,2018-05-03,21:40:00,22:00:00,-686.66,-36.39,56.25,No,No,,
78,203,BWW-HUTCHINSON01,1035,"GLENDALE, CA 3662",52,Stella Artois,13,2018-05-03,19:20:00,19:40:00,-287.78,-319.39,25,No,No,,
79,203,BWW-HUTCHINSON01,1035,"GLENDALE, CA 3662",300,Pacifico,26,2018-05-03,22:20:00,22:40:00,-83.64,-34.25,43.75,No,No,,
80,203,BWW-HUTCHINSON01,1035,"GLENDALE, CA 3662",300,Pacifico,26,2018-05-03,23:20:00,23:40:00,-83.64,-38.39,50,No,No,,
81,203,BWW-HUTCHINSON01,1035,"GLENDALE, CA 3662",4831,Deschutes Fresh Squeezed IPA,6,2018-05-03,22:00:00,22:20:00,-633.41,-35.82,31.25,No,No,,
82,203,BWW-HUTCHINSON01,1035,"GLENDALE, CA 3662",4831,Deschutes Fresh Squeezed IPA,6,2018-05-03,20:00:00,21:20:00,-633.41,-203.18,32.81,No,No,,
83,203,BWW-HUTCHINSON01,1035,"GLENDALE, CA 3662",4831,Deschutes Fresh Squeezed IPA,6,2018-05-03,19:20:00,19:40:00,-633.41,-592.16,25,No,No,,
84,203,BWW-HUTCHINSON01,1035,"GLENDALE, CA 3662",52,Stella Artois,13,2018-05-03,21:40:00,22:00:00,-287.78,-76.29,50,No,No,,
85,203,BWW-HUTCHINSON01,1035,"GLENDALE, CA 3662",300,Pacifico,26,2018-05-03,19:20:00,19:40:00,-83.64,-90.95,25,No,No,,
86,203,BWW-HUTCHINSON01,1035,"GLENDALE, CA 3662",3132,Kona Big Wave Golden Ale,28,2018-05-03,21:00:00,21:20:00,-135.09,-39.61,43.75,No,No,,
87,203,BWW-HUTCHINSON01,1035,"GLENDALE, CA 3662",36,Blue Moon Belgian White,2,2018-05-03,19:20:00,19:40:00,-411.12,-445.66,25,No,No,,
88,203,BWW-HUTCHINSON01,1035,"GLENDALE, CA 3662",85,Michelob Ultra,23,2018-05-03,19:20:00,19:40:00,-120.82,-145.79,25,No,No,,
89,241,HOOTERS-HOA-EAST DIV,823,Richmond VA,478,Miller Lite,1,2018-05-04,17:40:00,18:20:00,-138.07,-94.41,34.38,No,No,,
90,241,HOOTERS-HOA-EAST DIV,823,Richmond VA,478,Miller Lite,1,2018-05-04,18:40:00,19:00:00,-138.07,-67.31,43.75,No,No,,
91,241,HOOTERS-HOA-EAST DIV,823,Richmond VA,478,Miller Lite,1,2018-05-04,19:20:00,20:40:00,-138.07,-159.95,35.42,No,No,,
92,241,HOOTERS-HOA-EAST DIV,823,Richmond VA,478,Miller Lite,1,2018-05-04,21:00:00,21:20:00,-138.07,-54.07,62.5,No,No,,
93,241,HOOTERS-HOA-EAST DIV,823,Richmond VA,478,Miller Lite,1,2018-05-04,22:40:00,23:00:00,-138.07,-33.37,25,No,No,,
94,241,HOOTERS-HOA-EAST DIV,823,Richmond VA,478,Miller Lite,1,2018-05-04,12:20:00,12:40:00,-138.07,-57.31,37.5,No,No,,
95,241,HOOTERS-HOA-EAST DIV,823,Richmond VA,2781,Devils Backbone Vienna Lager,18,2018-05-04,16:40:00,17:00:00,-83.5,-38.32,68.75,No,No,,
96,241,HOOTERS-HOA-EAST DIV,823,Richmond VA,2781,Devils Backbone Vienna Lager,18,2018-05-04,22:20:00,22:40:00,-83.5,-38.68,43.75,No,No,,
97,241,HOOTERS-HOA-EAST DIV,823,Richmond VA,61,Budweiser,19,2018-05-04,12:00:00,12:20:00,-108.71,-44.74,37.5,No,No,,
98,241,HOOTERS-HOA-EAST DIV,823,Richmond VA,61,Budweiser,19,2018-05-04,16:40:00,17:40:00,-108.71,-97.49,37.5,No,No,,
99,241,HOOTERS-HOA-EAST DIV,823,Richmond VA,61,Budweiser,19,2018-05-04,22:00:00,22:40:00,-108.71,-89.84,37.5,No,No,,
100,241,HOOTERS-HOA-EAST DIV,823,Richmond VA,478,Miller Lite,1,2018-05-04,13:00:00,13:20:00,-138.07,-83.43,50,No,No,,
101,241,HOOTERS-HOA-EAST DIV,823,Richmond VA,478,Miller Lite,1,2018-05-04,14:20:00,14:40:00,-138.07,-43.58,31.25,No,No,,
102,66,BWW-WARD01,378,Monroe 3260,12,Labatt Blue,11,2018-05-05,20:40:00,21:00:00,-79.21,-36.33,37.5,No,No,,
103,66,BWW-WARD01,378,Monroe 3260,2690,Pabst Blue Ribbon,17,2018-05-05,12:00:00,12:20:00,-34.62,-35.25,50,No,No,,
104,66,BWW-WARD01,378,Monroe 3260,778,Leinenkugel Summer Shandy,29,2018-05-05,12:00:00,12:20:00,-171.02,-158.52,50,No,No,,
105,66,BWW-WARD01,378,Monroe 3260,778,Leinenkugel Summer Shandy,29,2018-05-05,21:20:00,21:40:00,-171.02,-54.77,50,No,No,,
106,66,BWW-WARD01,378,Monroe 3260,36,Blue Moon Belgian White,4,2018-05-05,12:00:00,12:20:00,-667.4,-553.34,50,No,No,,
107,66,BWW-WARD01,378,Monroe 3260,36,Blue Moon Belgian White,4,2018-05-05,15:40:00,16:00:00,-667.4,-38.32,31.25,No,No,,
108,66,BWW-WARD01,378,Monroe 3260,28,Samuel Adams Cherry Wheat,35,2018-05-05,12:00:00,12:20:00,-129.75,-75.29,50,No,No,,
109,66,BWW-WARD01,378,Monroe 3260,478,Miller Lite,7,2018-05-05,12:00:00,14:20:00,-299.69,-341.56,31.25,No,No,,
110,66,BWW-WARD01,378,Monroe 3260,36,Blue Moon Belgian White,4,2018-05-05,18:40:00,19:00:00,-667.4,-63.2,37.5,No,No,,
111,66,BWW-WARD01,378,Monroe 3260,36,Blue Moon Belgian White,4,2018-05-05,19:20:00,19:40:00,-667.4,-89.59,43.75,No,No,,
112,66,BWW-WARD01,378,Monroe 3260,36,Blue Moon Belgian White,4,2018-05-05,21:00:00,21:20:00,-667.4,-33.47,56.25,No,No,,
113,66,BWW-WARD01,378,Monroe 3260,36,Blue Moon Belgian White,4,2018-05-05,22:00:00,22:20:00,-667.4,-34.82,31.25,No,No,,
114,66,BWW-WARD01,378,Monroe 3260,52,Stella Artois,14,2018-05-05,12:00:00,12:20:00,-204.06,-191.76,50,No,No,,
115,66,BWW-WARD01,378,Monroe 3260,12,Labatt Blue,11,2018-05-05,12:00:00,12:20:00,-79.21,-72.79,50,No,No,,
116,66,BWW-WARD01,378,Monroe 3260,36849,Old Nation M43,31,2018-05-05,21:00:00,21:40:00,-150.16,-214.98,50,No,No,,
117,66,BWW-WARD01,378,Monroe 3260,61,Budweiser,9,2018-05-05,12:00:00,12:20:00,-350.05,-363.51,50,No,No,,
118,66,BWW-WARD01,378,Monroe 3260,2532,Angry Orchard Crisp Apple Cider,33,2018-05-05,12:00:00,12:20:00,-169.08,-164.74,50,No,No,,
119,66,BWW-WARD01,378,Monroe 3260,36221,Short's Soft Parade Shandy,3,2018-05-05,12:00:00,12:20:00,-58.77,-54.27,50,No,No,,
120,66,BWW-WARD01,378,Monroe 3260,59,Coors Light,8,2018-05-05,12:00:00,12:20:00,-521.73,-498.07,50,No,No,,
121,66,BWW-WARD01,378,Monroe 3260,1103,Bell's Two Hearted Ale,28,2018-05-05,12:00:00,12:20:00,-245.76,-241.96,50,No,No,,
122,66,BWW-WARD01,378,Monroe 3260,1282,Bell's Oberon,18,2018-05-05,18:20:00,19:40:00,-309.15,-79.21,37.5,No,No,,
123,66,BWW-WARD01,378,Monroe 3260,1282,Bell's Oberon,18,2018-05-05,12:00:00,12:20:00,-309.15,-290.79,50,No,No,,
124,66,BWW-WARD01,378,Monroe 3260,49400,Stone Scorpion Bowl IPA,6,2018-05-05,12:00:00,12:20:00,-162.48,-154.73,50,No,No,,
125,66,BWW-WARD01,378,Monroe 3260,33462,Aloha Traveler Pineapple Shandy,27,2018-05-05,12:00:00,12:20:00,-66.79,-67.78,50,No,No,,
126,66,BWW-WARD01,378,Monroe 3260,21732,Labatt Blue Light,12,2018-05-05,12:00:00,12:20:00,-42.12,-40.9,50,No,No,,
127,66,BWW-WARD01,378,Monroe 3260,917,Modelo Especial,25,2018-05-05,12:00:00,12:20:00,-66.6,-61.63,50,No,No,,
128,66,BWW-WARD01,378,Monroe 3260,12,Labatt Blue,11,2018-05-05,21:20:00,21:40:00,-79.21,-44.32,43.75,No,No,,
129,66,BWW-WARD01,378,Monroe 3260,36849,Old Nation M43,31,2018-05-05,22:00:00,22:20:00,-150.16,-57.35,50,No,No,,
130,66,BWW-WARD01,378,Monroe 3260,3,Samuel Adams Boston Lager,34,2018-05-05,12:00:00,12:20:00,-126.34,-103.67,50,No,No,,
131,241,HOOTERS-HOA-EAST DIV,823,Richmond VA,1561,Samuel Adams Winter Lager,8,2018-05-05,18:40:00,19:00:00,-158.19,-44.29,25,No,No,,
132,241,HOOTERS-HOA-EAST DIV,823,Richmond VA,25,Bud Light,2,2018-05-05,11:40:00,12:00:00,-183.79,-42.63,25,No,No,,
133,241,HOOTERS-HOA-EAST DIV,823,Richmond VA,917,Modelo Especial,16,2018-05-05,15:20:00,15:40:00,-84.67,-48.37,50,No,No,,
134,241,HOOTERS-HOA-EAST DIV,823,Richmond VA,40,Heineken,17,2018-05-05,12:00:00,12:20:00,-13.02,-24.45,31.25,No,No,,
135,241,HOOTERS-HOA-EAST DIV,823,Richmond VA,2860,Devils Backbone Eight Point IPA,9,2018-05-05,13:00:00,16:40:00,-159539.02,-53486.88,71.02,No,No,,
136,241,HOOTERS-HOA-EAST DIV,823,Richmond VA,25,Bud Light,2,2018-05-05,16:00:00,16:20:00,-183.79,-35.29,25,No,No,,
137,241,HOOTERS-HOA-EAST DIV,823,Richmond VA,25,Bud Light,2,2018-05-05,15:20:00,15:40:00,-183.79,-33.19,25,No,No,,
138,241,HOOTERS-HOA-EAST DIV,823,Richmond VA,25,Bud Light,2,2018-05-05,14:00:00,14:20:00,-183.79,-45.09,56.25,No,No,,
139,241,HOOTERS-HOA-EAST DIV,823,Richmond VA,25,Bud Light,2,2018-05-05,13:20:00,13:40:00,-183.79,-69.98,62.5,No,No,,
140,241,HOOTERS-HOA-EAST DIV,823,Richmond VA,917,Modelo Especial,16,2018-05-05,20:00:00,20:20:00,-84.67,-56.18,25,No,No,,
141,241,HOOTERS-HOA-EAST DIV,823,Richmond VA,199,Lagunitas IPA,14,2018-05-05,15:20:00,15:40:00,21.69,-46.58,25,No,No,,
142,239,BWW-SCHMIDT03,2237,Pikeville 3802,27912,Rhinegeist Cidergeist Bubbles,29,2018-05-06,20:20:00,20:40:00,-30.62,-75.94,25,No,No,,
143,312,Chris Moore Group,1015,Fosters Pint and Plate,11848,Bike Rack Urban Trail Golden Ale,11,2018-05-06,13:20:00,13:40:00,4.1,-86.06,25,No,No,,
144,247,HOOTERS-HOA-CENTRAL DIV,747,Roseville,61,Budweiser,8,2018-05-06,17:40:00,18:00:00,-148.14,-105.26,50,No,No,,
145,247,HOOTERS-HOA-CENTRAL DIV,747,Roseville,61,Budweiser,8,2018-05-06,19:40:00,20:00:00,-148.14,-64.78,37.5,No,No,,
146,247,HOOTERS-HOA-CENTRAL DIV,747,Roseville,61,Budweiser,8,2018-05-06,20:20:00,21:00:00,-148.14,-162.46,68.75,No,No,,
147,362,BWW-FRANKLIN01,1783,STRONGSVILLE 3124,19944,Yuengling Traditional Lager,20,2018-05-08,13:20:00,13:40:00,-488.95,-180.88,25,No,No,,
148,362,BWW-FRANKLIN01,1783,STRONGSVILLE 3124,4102,Rhinegeist Truth,12,2018-05-08,12:20:00,12:40:00,-74.81,-87.92,75,No,No,,
149,362,BWW-FRANKLIN01,1783,STRONGSVILLE 3124,199,Lagunitas IPA,10,2018-05-08,19:00:00,19:20:00,-34.71,-137.42,25,No,No,,
150,362,BWW-FRANKLIN01,1783,STRONGSVILLE 3124,25,Bud Light,22,2018-05-08,18:40:00,19:20:00,-171.52,-192.92,34.38,No,No,,
151,362,BWW-FRANKLIN01,1783,STRONGSVILLE 3124,12,Labatt Blue,17,2018-05-08,19:20:00,19:40:00,26.22,-86.36,25,No,No,,
152,243,HOOTERS-HOA-SOUTH DIV,1027,Douglasville,25,Bud Light,34,2018-05-08,20:40:00,21:00:00,-276.33,-91.8,43.75,No,No,,
153,243,HOOTERS-HOA-SOUTH DIV,1027,Douglasville,25,Bud Light,34,2018-05-08,15:20:00,16:00:00,-276.33,-444.56,62.5,No,No,,
154,243,HOOTERS-HOA-SOUTH DIV,1027,Douglasville,85,Michelob Ultra,2,2018-05-08,19:00:00,19:20:00,-140.55,-126.82,43.75,No,No,,
155,243,HOOTERS-HOA-SOUTH DIV,1027,Douglasville,85,Michelob Ultra,2,2018-05-08,17:40:00,18:00:00,-140.55,-66.22,31.25,No,No,,
156,243,HOOTERS-HOA-SOUTH DIV,1027,Douglasville,85,Michelob Ultra,2,2018-05-08,13:40:00,16:00:00,-140.55,-411.56,62.08,No,No,,
157,243,HOOTERS-HOA-SOUTH DIV,1027,Douglasville,29025,Monday Night Slap Fight,19,2018-05-08,15:40:00,16:00:00,-121.41,-150.56,75,No,Yes,,
158,243,HOOTERS-HOA-SOUTH DIV,1027,Douglasville,25,Bud Light,34,2018-05-08,18:20:00,18:40:00,-276.33,-116.7,50,No,No,,
159,243,HOOTERS-HOA-SOUTH DIV,1027,Douglasville,25,Bud Light,34,2018-05-08,17:20:00,17:40:00,-276.33,-72.62,37.5,No,No,,
160,243,HOOTERS-HOA-SOUTH DIV,1027,Douglasville,1935,Terrapin Moo Hoo Chocolate Milk Stout,36,2018-05-08,15:20:00,15:40:00,-209.71,-222.36,62.5,No,Yes,,
161,318,HOOTERS-OWL MGMT,1030,Manchester,25,Bud Light,9,2018-05-09,20:20:00,21:00:00,-149.24,-183.34,62.5,No,No,,
162,318,HOOTERS-OWL MGMT,1030,Manchester,61,Budweiser,10,2018-05-09,20:00:00,21:40:00,-216.57,-232.03,74,No,No,,
163,318,HOOTERS-OWL MGMT,1030,Manchester,25,Bud Light,9,2018-05-09,19:00:00,19:40:00,-149.24,-86.2,59.38,No,No,,
164,318,HOOTERS-OWL MGMT,1030,Manchester,2388,Shocktop Seasonal,7,2018-05-09,12:00:00,12:20:00,-217.83,-119.95,25,No,No,,
165,357,BWW-CORP,1386,"GARNER, NC 113",19944,Yuengling Traditional Lager,5,2018-05-09,16:00:00,16:20:00,-97.13,-73.14,75,No,No,,
166,357,BWW-CORP,1386,"GARNER, NC 113",478,Miller Lite,4,2018-05-09,16:00:00,16:20:00,-67.96,-71.94,25,No,No,,
167,357,BWW-CORP,1386,"GARNER, NC 113",23310,Wicked Weed Pernicious IPA,13,2018-05-09,16:00:00,16:20:00,-55.86,-47.69,25,No,No,,
168,357,BWW-CORP,1386,"GARNER, NC 113",36,Blue Moon Belgian White,8,2018-05-09,19:40:00,20:00:00,-17.79,-37.39,25,No,No,,
169,357,BWW-CORP,1386,"GARNER, NC 113",199,Lagunitas IPA,2,2018-05-09,16:00:00,16:20:00,-70.66,-70.13,75,No,Yes,,
170,357,BWW-CORP,1386,"GARNER, NC 113",49444,Samuel Adams New England IPA,11,2018-05-09,15:40:00,16:20:00,-134.41,-82.58,75,No,Yes,,
171,357,BWW-CORP,2254,"Milledgeville, GA 670",25,Bud Light,17,2018-05-09,18:40:00,19:00:00,-188.79,-32.46,31.25,No,No,,
172,357,BWW-CORP,2254,"Milledgeville, GA 670",85,Michelob Ultra,18,2018-05-09,14:20:00,15:00:00,-170.25,-174.24,74.38,No,Yes,,
173,357,BWW-CORP,2254,"Milledgeville, GA 670",85,Michelob Ultra,18,2018-05-09,17:40:00,18:00:00,-170.25,-74.22,50,No,No,,
174,357,BWW-CORP,2254,"Milledgeville, GA 670",85,Michelob Ultra,18,2018-05-09,18:40:00,19:00:00,-170.25,-36.4,31.25,No,No,,
175,241,HOOTERS-HOA-EAST DIV,672,Fayetteville NC,478,Miller Lite,2,2018-05-09,11:00:00,11:20:00,-55.58,-71.36,25,No,No,,
176,241,HOOTERS-HOA-EAST DIV,672,Fayetteville NC,59,Coors Light,10,2018-05-09,11:00:00,11:20:00,-181.41,-105.14,75,No,Yes,,
177,241,HOOTERS-HOA-EAST DIV,672,Fayetteville NC,59,Coors Light,10,2018-05-09,12:20:00,12:40:00,-181.41,-62.61,75,No,Yes,,
178,241,HOOTERS-HOA-EAST DIV,672,Fayetteville NC,19944,Yuengling Traditional Lager,4,2018-05-09,11:00:00,11:20:00,-106.31,-114.34,50,No,No,,
179,203,BWW-HUTCHINSON01,973,MIRA LOMA 3384,4831,Deschutes Fresh Squeezed IPA,8,2018-05-09,19:20:00,19:40:00,-232.36,-44.6,68.75,No,No,,
180,203,BWW-HUTCHINSON01,973,MIRA LOMA 3384,199,Lagunitas IPA,16,2018-05-09,21:40:00,22:00:00,-186.37,-42.41,68.75,No,No,,
181,203,BWW-HUTCHINSON01,973,MIRA LOMA 3384,199,Lagunitas IPA,16,2018-05-09,19:40:00,20:00:00,-186.37,-41.86,68.75,No,No,,
182,203,BWW-HUTCHINSON01,973,MIRA LOMA 3384,52,Stella Artois,27,2018-05-09,00:40:00,01:00:00,-100.82,-82.46,50,No,No,,
183,203,BWW-HUTCHINSON01,973,MIRA LOMA 3384,36,Blue Moon Belgian White,32,2018-05-09,22:20:00,22:40:00,-241.46,-35.2,56.25,No,No,,
184,203,BWW-HUTCHINSON01,973,MIRA LOMA 3384,36,Blue Moon Belgian White,32,2018-05-09,18:20:00,18:40:00,-241.46,-41.42,37.5,No,No,,
185,203,BWW-HUTCHINSON01,973,MIRA LOMA 3384,36,Blue Moon Belgian White,32,2018-05-09,00:00:00,00:20:00,-241.46,-61.35,50,No,No,,
186,203,BWW-HUTCHINSON01,973,MIRA LOMA 3384,2532,Angry Orchard Crisp Apple Cider,23,2018-05-09,23:00:00,23:20:00,-142.14,-108.37,75,No,No,,
187,203,BWW-HUTCHINSON01,973,MIRA LOMA 3384,917,Modelo Especial,29,2018-05-09,20:00:00,20:20:00,-422.97,-68.78,62.5,No,No,,
188,203,BWW-HUTCHINSON01,973,MIRA LOMA 3384,917,Modelo Especial,29,2018-05-09,00:20:00,00:40:00,-422.97,-65.65,37.5,No,No,,
189,203,BWW-HUTCHINSON01,973,MIRA LOMA 3384,220,Dos Equis Lager Especial,28,2018-05-09,02:00:00,20:40:00,-337.5,-202.63,49.5,No,No,,
190,203,BWW-HUTCHINSON01,973,MIRA LOMA 3384,4831,Deschutes Fresh Squeezed IPA,8,2018-05-09,03:40:00,18:40:00,-232.36,-173.48,60.42,No,No,,
191,203,BWW-HUTCHINSON01,973,MIRA LOMA 3384,220,Dos Equis Lager Especial,28,2018-05-09,01:20:00,01:40:00,-337.5,-59.61,43.75,No,No,,
192,203,BWW-HUTCHINSON01,973,MIRA LOMA 3384,85,Michelob Ultra,5,2018-05-09,23:00:00,23:20:00,-216.97,-38.97,62.5,No,No,,
193,203,BWW-HUTCHINSON01,973,MIRA LOMA 3384,85,Michelob Ultra,5,2018-05-09,19:40:00,20:00:00,-216.97,-42.06,68.75,No,No,,
194,203,BWW-HUTCHINSON01,973,MIRA LOMA 3384,478,Miller Lite,33,2018-05-09,23:00:00,23:20:00,-62.08,-41.62,62.5,No,No,,
195,203,BWW-HUTCHINSON01,973,MIRA LOMA 3384,85,Michelob Ultra,5,2018-05-09,15:20:00,15:40:00,-216.97,-73.55,50,No,No,,
196,203,BWW-HUTCHINSON01,973,MIRA LOMA 3384,85,Michelob Ultra,5,2018-05-09,01:40:00,02:40:00,-216.97,-78.15,37.5,No,No,,
197,203,BWW-HUTCHINSON01,973,MIRA LOMA 3384,59,Coors Light,34,2018-05-09,19:00:00,19:20:00,-319.39,-41.62,73.75,No,No,,
198,203,BWW-HUTCHINSON01,973,MIRA LOMA 3384,59,Coors Light,34,2018-05-09,15:40:00,16:00:00,-319.39,-38.28,31.25,No,No,,
199,203,BWW-HUTCHINSON01,973,MIRA LOMA 3384,59,Coors Light,34,2018-05-09,14:40:00,15:20:00,-319.39,-100.97,50,No,No,,
200,203,BWW-HUTCHINSON01,973,MIRA LOMA 3384,4831,Deschutes Fresh Squeezed IPA,8,2018-05-09,03:00:00,03:20:00,-232.36,-31.07,56.25,No,No,,
201,203,BWW-HUTCHINSON01,973,MIRA LOMA 3384,59,Coors Light,34,2018-05-09,01:00:00,01:20:00,-319.39,-33.42,31.25,No,No,,
202,203,BWW-HUTCHINSON01,973,MIRA LOMA 3384,16576,Hangar 24 Orange Wheat,18,2018-05-09,22:40:00,23:00:00,-134.33,-39.37,68.75,No,No,,
203,203,BWW-HUTCHINSON01,973,MIRA LOMA 3384,708,Shock Top Belgian White,31,2018-05-09,21:40:00,22:20:00,-173.02,-81.47,68.75,No,No,,
204,203,BWW-HUTCHINSON01,973,MIRA LOMA 3384,16576,Hangar 24 Orange Wheat,18,2018-05-09,01:20:00,01:40:00,-134.33,-38.91,43.75,No,No,,
205,203,BWW-HUTCHINSON01,973,MIRA LOMA 3384,708,Shock Top Belgian White,31,2018-05-09,23:20:00,23:40:00,-173.02,-40.29,43.75,No,No,,
206,203,BWW-HUTCHINSON01,973,MIRA LOMA 3384,25,Bud Light,36,2018-05-09,20:40:00,23:00:00,-322.29,-285.01,74.5,No,No,,
207,203,BWW-HUTCHINSON01,973,MIRA LOMA 3384,25,Bud Light,36,2018-05-09,16:40:00,17:00:00,-322.29,-33.77,31.25,No,No,,
208,203,BWW-HUTCHINSON01,973,MIRA LOMA 3384,12041,Tecate Light,12,2018-05-09,01:20:00,01:40:00,0,-46.9,31.25,No,No,,
209,203,BWW-HUTCHINSON01,973,MIRA LOMA 3384,3132,Kona Big Wave Golden Ale,13,2018-05-09,20:00:00,21:20:00,-176.28,-101.23,74.38,No,No,,
210,203,BWW-HUTCHINSON01,973,MIRA LOMA 3384,85,Michelob Ultra,5,2018-05-09,14:20:00,15:00:00,-216.97,-143.81,50,No,No,,
211,203,BWW-HUTCHINSON01,973,MIRA LOMA 3384,40,Heineken,7,2018-05-09,21:00:00,21:20:00,-129.08,-85.46,75,No,No,,
212,246,BWW-WOESSNER01,808,ARVADA(2) 3453,478,Miller Lite,9,2018-05-01,11:40:00,12:00:00,-787.43,-726.02,100,Yes,Yes,,
213,246,BWW-WOESSNER01,808,ARVADA(2) 3453,25165,Tommyknocker Blood Orange IPA,26,2018-05-01,13:00:00,13:20:00,-879.57,-855.94,100,Yes,Yes,,
214,246,BWW-WOESSNER01,808,ARVADA(2) 3453,59,Coors Light,1,2018-05-01,11:40:00,12:00:00,-726.99,-679.98,100,Yes,Yes,,
215,246,BWW-WOESSNER01,808,ARVADA(2) 3453,778,Leinenkugel Summer Shandy,25,2018-05-01,13:00:00,13:20:00,-866.27,-845.13,100,Yes,Yes,,
216,246,BWW-WOESSNER01,808,ARVADA(2) 3453,5816,Coors Banquet Beer,2,2018-05-01,11:40:00,12:00:00,-776.02,-700.49,100,Yes,Yes,,
217,246,BWW-WOESSNER01,808,ARVADA(2) 3453,2690,Pabst Blue Ribbon,5,2018-05-01,11:40:00,12:00:00,-669.46,-648.32,100,Yes,Yes,,
218,246,BWW-WOESSNER01,808,ARVADA(2) 3453,1052,Alaskan Amber Ale,6,2018-05-01,11:40:00,12:00:00,-731.08,-708.82,100,Yes,Yes,,
219,246,BWW-WOESSNER01,808,ARVADA(2) 3453,2532,Angry Orchard Crisp Apple Cider,4,2018-05-01,11:40:00,12:00:00,-647.9,-625.06,100,Yes,Yes,,
220,246,BWW-WOESSNER01,808,ARVADA(2) 3453,1494,Alaskan White Ale,8,2018-05-01,11:40:00,12:00:00,-720.92,-698.37,100,Yes,Yes,,
221,246,BWW-WOESSNER01,808,ARVADA(2) 3453,12691,Alaskan Icy Bay IPA,7,2018-05-01,11:40:00,12:00:00,-741.97,-708.67,100,Yes,Yes,,
222,246,BWW-WOESSNER01,808,ARVADA(2) 3453,36,Blue Moon Belgian White,3,2018-05-01,11:40:00,12:00:00,-850.2,-691.15,100,Yes,Yes,,
223,246,BWW-WOESSNER01,808,ARVADA(2) 3453,6102,Guinness Draught,16,2018-05-01,12:00:00,13:00:00,-663.66,-658.66,100,Yes,Yes,,
224,246,BWW-WOESSNER01,808,ARVADA(2) 3453,49400,Stone Scorpion Bowl IPA,15,2018-05-01,12:00:00,13:00:00,-740.8,-705.44,100,Yes,Yes,,
225,246,BWW-WOESSNER01,808,ARVADA(2) 3453,917,Modelo Especial,13,2018-05-01,12:00:00,13:00:00,-754.32,-751.06,100,Yes,Yes,,
226,246,BWW-WOESSNER01,808,ARVADA(2) 3453,220,Dos Equis Lager Especial,22,2018-05-01,12:00:00,13:00:00,-719.59,-693.46,100,Yes,Yes,,
227,246,BWW-WOESSNER01,808,ARVADA(2) 3453,199,Lagunitas IPA,24,2018-05-01,13:00:00,13:20:00,-857.91,-836.31,100,Yes,Yes,,
228,246,BWW-WOESSNER01,808,ARVADA(2) 3453,225,Molson Canadian,20,2018-05-01,12:00:00,13:00:00,-736.24,-735.66,100,Yes,Yes,,
229,246,BWW-WOESSNER01,808,ARVADA(2) 3453,58,Newcastle Brown Ale,23,2018-05-01,12:20:00,13:20:00,-1397.56,-1352.26,99.17,Yes,Yes,,
230,246,BWW-WOESSNER01,808,ARVADA(2) 3453,3,Samuel Adams Boston Lager,18,2018-05-01,12:00:00,13:00:00,-718.05,-716.77,100,Yes,Yes,,
231,246,BWW-WOESSNER01,808,ARVADA(2) 3453,34175,Alaskan Husky IPA,17,2018-05-01,12:00:00,13:00:00,-719.61,-715.05,100,Yes,Yes,,
232,246,BWW-WOESSNER01,808,ARVADA(2) 3453,543,Stone IPA,21,2018-05-01,12:00:00,13:00:00,-778.71,-725.71,100,Yes,Yes,,
233,246,BWW-WOESSNER01,808,ARVADA(2) 3453,6578,Oskar Blues Barrel Aged Dale's Pale Ale,28,2018-05-01,13:00:00,13:20:00,-870.39,-846.99,100,Yes,Yes,,
234,246,BWW-WOESSNER01,808,ARVADA(2) 3453,19507,New Belgium Citradelic Tangerine IPA,29,2018-05-01,13:00:00,13:20:00,-864.94,-841.15,100,Yes,Yes,,
235,467,Beau Jo's Colorado Pizza,2553,Beau Jo s Idaho Springs,1215,TommyKnocker Pick Axe IPA,12,2018-05-02,13:20:00,13:40:00,-156.62,-159.23,100,Yes,Yes,,
236,467,Beau Jo's Colorado Pizza,2553,Beau Jo s Idaho Springs,1217,TommyKnocker Maple Nut Brown,10,2018-05-02,13:20:00,13:40:00,-141.88,-142.36,100,Yes,Yes,,
237,467,Beau Jo's Colorado Pizza,2553,Beau Jo s Idaho Springs,33135,New Belgium Voodoo Ranger Imperial IPA,15,2018-05-02,13:00:00,13:40:00,-138.61,-125.34,99.38,Yes,Yes,,
238,467,Beau Jo's Colorado Pizza,2553,Beau Jo s Idaho Springs,17812,Dry Dock Apricot Blonde,14,2018-05-02,13:20:00,13:40:00,-113.7,-89.66,100,Yes,Yes,,
239,467,Beau Jo's Colorado Pizza,2553,Beau Jo s Idaho Springs,25165,Tommyknocker Blood Orange IPA,9,2018-05-02,13:20:00,13:40:00,-152.22,-145.57,100,Yes,Yes,,
240,467,Beau Jo's Colorado Pizza,2553,Beau Jo s Idaho Springs,37070,New Belgium Pilsener,16,2018-05-02,13:00:00,13:40:00,-128.64,-128.55,99.38,Yes,Yes,,
241,100,Nine Thirty Four Inc.,204,The Banshee,2792,Shipyard Monkey Fist IPA,4,2018-05-02,06:40:00,09:00:00,-3739.89,-3738.93,99.46,Yes,Yes,,
242,100,Nine Thirty Four Inc.,204,The Banshee,40,Heineken,16,2018-05-02,06:40:00,09:00:00,-3641.68,-3260.8,99.82,Yes,Yes,,
243,100,Nine Thirty Four Inc.,204,The Banshee,6102,Guinness Draught,1,2018-05-02,06:40:00,09:20:00,-4299.86,-4206.13,99.69,Yes,Yes,,
244,100,Nine Thirty Four Inc.,204,The Banshee,33,Amstel Light,15,2018-05-02,06:40:00,09:00:00,-4140.2,-4108.13,99.82,Yes,Yes,,
245,100,Nine Thirty Four Inc.,204,The Banshee,154,Carlsberg,11,2018-05-02,07:20:00,09:20:00,-2679.35,-2419.18,99.58,Yes,Yes,,
246,100,Nine Thirty Four Inc.,204,The Banshee,32607,Castle Island Candlepin,5,2018-05-02,07:00:00,09:20:00,-3372.69,-3378.84,99.46,Yes,Yes,,
247,100,Nine Thirty Four Inc.,204,The Banshee,236,Paulaner Hefe-Weissbier,13,2018-05-02,06:40:00,09:20:00,-4039.1,-3978.54,99.06,Yes,Yes,,
248,100,Nine Thirty Four Inc.,204,The Banshee,58,Newcastle Brown Ale,9,2018-05-02,07:20:00,09:00:00,-2643.49,-2620.95,99.75,Yes,Yes,,
249,100,Nine Thirty Four Inc.,204,The Banshee,5559,Kronenbourg 1664,6,2018-05-02,07:00:00,09:00:00,-3151.65,-3180.82,99.58,Yes,Yes,,
250,100,Nine Thirty Four Inc.,204,The Banshee,4565,Long Trail Limbo,3,2018-05-02,06:40:00,09:00:00,-3659.5,-3647.65,99.46,Yes,Yes,,
251,100,Nine Thirty Four Inc.,204,The Banshee,2433,Ballast Point Sculpin IPA,10,2018-05-02,07:20:00,09:00:00,-2804.07,-2744.02,99.75,Yes,Yes,,
252,241,HOOTERS-HOA-EAST DIV,823,Richmond VA,2860,Devils Backbone Eight Point IPA,9,2018-05-05,00:00:00,00:20:00,-159539.02,-5117.61,87.5,Yes,No,Doubt,
253,241,HOOTERS-HOA-EAST DIV,823,Richmond VA,2860,Devils Backbone Eight Point IPA,9,2018-05-05,11:40:00,12:40:00,-159539.02,-15111.32,85.42,Yes,No,Doubt,
254,241,HOOTERS-HOA-EAST DIV,823,Richmond VA,2860,Devils Backbone Eight Point IPA,9,2018-05-05,13:20:00,13:40:00,-159539.02,-5350.27,87.5,Yes,No,Doubt,
255,241,HOOTERS-HOA-EAST DIV,823,Richmond VA,2860,Devils Backbone Eight Point IPA,9,2018-05-05,14:00:00,14:20:00,-159539.02,-5068.76,87.5,Yes,No,Doubt,
256,241,HOOTERS-HOA-EAST DIV,823,Richmond VA,2860,Devils Backbone Eight Point IPA,9,2018-05-05,15:20:00,15:40:00,-159539.02,-4601.1,81.25,Yes,No,Doubt,
257,241,HOOTERS-HOA-EAST DIV,823,Richmond VA,2860,Devils Backbone Eight Point IPA,9,2018-05-05,16:00:00,16:20:00,-159539.02,-4501.21,81.25,Yes,No,Doubt,
258,243,HOOTERS-HOA-SOUTH DIV,1027,Douglasville,19944,Yuengling Traditional Lager,29,2018-05-08,15:00:00,15:20:00,-287.55,-48.62,98.75,Yes,Yes,,
259,243,HOOTERS-HOA-SOUTH DIV,1027,Douglasville,61,Budweiser,35,2018-05-08,15:00:00,15:20:00,-209.68,-208.43,100,Yes,Yes,,
260,243,HOOTERS-HOA-SOUTH DIV,1027,Douglasville,10733,Jekyll Hop Dang Diggity Southern IPA,16,2018-05-08,15:00:00,15:20:00,-179.6,-86.87,100,Yes,Yes,,
261,243,HOOTERS-HOA-SOUTH DIV,1027,Douglasville,29025,Monday Night Slap Fight,19,2018-05-08,15:00:00,15:20:00,-121.41,-35.89,98.75,Yes,Yes,,
262,243,HOOTERS-HOA-SOUTH DIV,1027,Douglasville,1512,Goose Island Goose IPA,23,2018-05-08,15:00:00,15:20:00,-225.72,-93.02,87.5,Yes,Yes,,
263,357,BWW-CORP,2254,"Milledgeville, GA 670",25,Bud Light,17,2018-05-09,14:40:00,15:00:00,-188.79,-191.41,100,Yes,Yes,,
264,357,BWW-CORP,2254,"Milledgeville, GA 670",85,Michelob Ultra,18,2018-05-09,14:40:00,15:00:00,-170.25,-173.67,100,Yes,Yes,,
265,357,BWW-CORP,2254,"Milledgeville, GA 670",61,Budweiser,16,2018-05-09,14:00:00,14:40:00,-182.27,-170.73,100,Yes,Yes,,
266,247,HOOTERS-HOA-CENTRAL DIV,832,Fort Campbell,220,Dos Equis Lager Especial,27,2018-05-12,22:40:00,23:00:00,-3757.67,-3676.45,100,Yes,Yes,,
267,203,BWW-HUTCHINSON01,1232,SPRINGFIELD-WABASH ST 3317,25,Bud Light,36,2018-05-12,22:40:00,23:00:00,-4638.02,-4627.41,100,Yes,Yes,,
268,357,BWW-CORP,1527,"MONONA, WI 411",85,Michelob Ultra,30,2018-05-12,22:20:00,22:40:00,-8805.96,-8819.59,100,Yes,Yes,,
269,367,BWW-GRUBE01,1798,BRIDGEPORT 3380,25,Bud Light,1,2018-05-12,21:40:00,22:00:00,-9291.95,-9203.69,100,Yes,Yes,,
270,357,BWW-CORP,2235,"Morris, IL 668",59,Coors Light,29,2018-05-12,22:20:00,22:40:00,-6937.77,-6727.8,100,Yes,Yes,,
271,492,Brass Tap,2677,Colorado Taps,2741,Oskar Blues G'Knight Imperial Red,35,2018-05-12,22:20:00,22:40:00,-7246.68,-7252.46,100,Yes,Yes,,
1376,247,HOOTERS-HOA-CENTRAL DIV,816,Nashville Downtown,3162,Sweetwater IPA,2,2018-05-15,10:20:00,10:40:00,100,-270.96,-88.95,Yes,Yes,,
1377,247,HOOTERS-HOA-CENTRAL DIV,816,Nashville Downtown,239,Sweetwater 420,1,2018-05-15,10:20:00,10:40:00,100,-261.18,-86.22,Yes,Yes,,
1378,247,HOOTERS-HOA-CENTRAL DIV,816,Nashville Downtown,239,Sweetwater 420,1,2018-05-15,11:20:00,12:00:00,100,-261.18,-161.45,Yes,Yes,,
1379,247,HOOTERS-HOA-CENTRAL DIV,816,Nashville Downtown,19944,Yuengling Traditional Lager,7,2018-05-15,10:20:00,10:40:00,100,-253.34,-76,Yes,Yes,,
1380,247,HOOTERS-HOA-CENTRAL DIV,816,Nashville Downtown,19944,Yuengling Traditional Lager,7,2018-05-15,11:20:00,12:00:00,100,-253.34,-161.59,Yes,Yes,,
1381,247,HOOTERS-HOA-CENTRAL DIV,816,Nashville Downtown,33432,Nashville Lager Beer,6,2018-05-15,10:20:00,10:40:00,100,-321.88,-76.43,Yes,Yes,,
1382,247,HOOTERS-HOA-CENTRAL DIV,816,Nashville Downtown,33432,Nashville Lager Beer,6,2018-05-15,11:20:00,12:00:00,99.38,-321.88,-138.2,Yes,Yes,,
1383,247,HOOTERS-HOA-CENTRAL DIV,816,Nashville Downtown,3162,Sweetwater IPA,2,2018-05-15,11:20:00,12:00:00,100,-270.96,-180.03,Yes,Yes,,
1384,247,HOOTERS-HOA-CENTRAL DIV,816,Nashville Downtown,33432,Nashville Lager Beer,6,2018-05-15,12:20:00,12:40:00,100,-321.88,-85.8,Yes,Yes,,
1385,247,HOOTERS-HOA-CENTRAL DIV,816,Nashville Downtown,18646,TailGate Peanut Butter Milk Stout,35,2018-05-15,12:00:00,12:20:00,87.5,-83.08,-49.19,Yes,Yes,,
1386,247,HOOTERS-HOA-CENTRAL DIV,816,Nashville Downtown,85,Michelob Ultra,5,2018-05-15,10:20:00,10:40:00,100,-304.05,-71.72,Yes,Yes,,
1387,247,HOOTERS-HOA-CENTRAL DIV,816,Nashville Downtown,85,Michelob Ultra,5,2018-05-15,11:20:00,12:00:00,100,-304.05,-159.08,Yes,Yes,,
1388,247,HOOTERS-HOA-CENTRAL DIV,816,Nashville Downtown,25,Bud Light,17,2018-05-15,10:20:00,10:40:00,98.75,-343.94,-67.36,Yes,Yes,,
1389,247,HOOTERS-HOA-CENTRAL DIV,816,Nashville Downtown,25,Bud Light,17,2018-05-15,11:40:00,12:00:00,100,-343.94,-136.69,Yes,Yes,,
1390,247,HOOTERS-HOA-CENTRAL DIV,816,Nashville Downtown,2532,Angry Orchard Crisp Apple Cider,19,2018-05-15,10:20:00,10:40:00,100,-233.14,-75.51,Yes,Yes,,
1391,247,HOOTERS-HOA-CENTRAL DIV,816,Nashville Downtown,220,Dos Equis Lager Especial,38,2018-05-15,12:00:00,12:20:00,100,-54.77,-67.99,Yes,Yes,,
1392,247,HOOTERS-HOA-CENTRAL DIV,816,Nashville Downtown,18647,Mill Creek Lil Darlin,12,2018-05-15,10:40:00,12:00:00,99.38,-381.94,-367.15,Yes,Yes,,
1393,247,HOOTERS-HOA-CENTRAL DIV,816,Nashville Downtown,2532,Angry Orchard Crisp Apple Cider,19,2018-05-15,11:40:00,12:00:00,100,-233.14,-137.77,Yes,Yes,,
1394,247,HOOTERS-HOA-CENTRAL DIV,816,Nashville Downtown,61,Budweiser,18,2018-05-15,11:40:00,12:20:00,99.38,-263.7,-150.99,Yes,Yes,,
1395,247,HOOTERS-HOA-CENTRAL DIV,816,Nashville Downtown,30092,Fat Bottom Ruby Red American Ale,20,2018-05-15,10:20:00,10:40:00,98.75,-558.28,-71.36,Yes,Yes,,
1396,247,HOOTERS-HOA-CENTRAL DIV,816,Nashville Downtown,30092,Fat Bottom Ruby Red American Ale,20,2018-05-15,11:40:00,13:00:00,99.17,-558.28,-474.62,Yes,Yes,,
1397,247,HOOTERS-HOA-CENTRAL DIV,816,Nashville Downtown,16336,Black Abbey The Rose,4,2018-05-15,10:20:00,10:40:00,100,-398.45,-82.22,Yes,Yes,,
1398,247,HOOTERS-HOA-CENTRAL DIV,816,Nashville Downtown,16336,Black Abbey The Rose,4,2018-05-15,11:20:00,12:20:00,100,-398.45,-306.66,Yes,Yes,,
1399,247,HOOTERS-HOA-CENTRAL DIV,816,Nashville Downtown,4309,Blackstone Nut Brown Ale,9,2018-05-15,10:20:00,12:20:00,99.06,-409.08,-398.91,Yes,Yes,,
1400,247,HOOTERS-HOA-CENTRAL DIV,816,Nashville Downtown,411,Shiner Bock,13,2018-05-15,10:40:00,12:00:00,100,-258.05,-239.37,Yes,Yes,,
1401,247,HOOTERS-HOA-CENTRAL DIV,816,Nashville Downtown,61,Budweiser,18,2018-05-15,10:20:00,10:40:00,98.75,-263.7,-64.42,Yes,Yes,,
1402,247,HOOTERS-HOA-CENTRAL DIV,816,Nashville Downtown,52,Stella Artois,11,2018-05-15,10:20:00,10:40:00,98.75,-291.59,-75.29,Yes,Yes,,
1403,247,HOOTERS-HOA-CENTRAL DIV,816,Nashville Downtown,478,Miller Lite,16,2018-05-15,11:40:00,12:20:00,99.38,-707.41,-653.87,Yes,Yes,,
1404,247,HOOTERS-HOA-CENTRAL DIV,816,Nashville Downtown,36,Blue Moon Belgian White,14,2018-05-15,10:40:00,12:20:00,100,-310.11,-294.01,Yes,Yes,,
1405,247,HOOTERS-HOA-CENTRAL DIV,816,Nashville Downtown,59,Coors Light,15,2018-05-15,10:40:00,11:00:00,98.75,-221.37,-80.65,Yes,Yes,,
1406,247,HOOTERS-HOA-CENTRAL DIV,816,Nashville Downtown,59,Coors Light,15,2018-05-15,11:40:00,12:00:00,100,-221.37,-143,Yes,Yes,,
1407,247,HOOTERS-HOA-CENTRAL DIV,816,Nashville Downtown,770,Goose Island 312 Urban Wheat,10,2018-05-15,10:40:00,12:20:00,99.17,-281.95,-260.55,Yes,Yes,,
1408,247,HOOTERS-HOA-CENTRAL DIV,816,Nashville Downtown,52,Stella Artois,11,2018-05-15,11:40:00,12:00:00,100,-291.59,-185.32,Yes,Yes,,
1409,247,HOOTERS-HOA-CENTRAL DIV,816,Nashville Downtown,478,Miller Lite,16,2018-05-15,10:40:00,11:00:00,98.75,-707.41,-73.15,Yes,Yes,,
1410,247,HOOTERS-HOA-CENTRAL DIV,816,Nashville Downtown,23155,Jackalope Bearwalker Maple Brown,23,2018-05-15,12:40:00,13:00:00,93.75,-58.92,-55.2,Yes,Yes,,
1411,306,BWW-TIPTON01,1040,FLAGSTAFF 3176,59,Coors Light,4,2018-05-15,22:40:00,23:00:00,81.25,-285.73,-59.6,Yes,No,USBN,
1412,306,BWW-TIPTON01,1040,FLAGSTAFF 3176,199,Lagunitas IPA,16,2018-05-15,20:40:00,21:00:00,93.75,-96.65,-44.82,Yes,No,USBN,
1413,306,BWW-TIPTON01,1040,FLAGSTAFF 3176,25,Bud Light,2,2018-05-15,20:40:00,21:00:00,81.25,-267.29,-38.45,Yes,No,USBN,
1414,306,BWW-TIPTON01,1040,FLAGSTAFF 3176,25,Bud Light,2,2018-05-15,21:20:00,21:40:00,87.5,-267.29,-39.41,Yes,No,USBN,
1415,306,BWW-TIPTON01,1040,FLAGSTAFF 3176,36,Blue Moon Belgian White,17,2018-05-15,21:00:00,21:20:00,93.75,-243.02,-56.63,Yes,No,USBN,
1416,306,BWW-TIPTON01,1040,FLAGSTAFF 3176,36,Blue Moon Belgian White,17,2018-05-15,21:40:00,23:00:00,87.5,-243.02,-91.02,Yes,No,USBN,
1417,306,BWW-TIPTON01,1040,FLAGSTAFF 3176,36,Blue Moon Belgian White,17,2018-05-15,23:20:00,23:40:00,81.25,-243.02,-38.11,Yes,No,USBN,
1418,306,BWW-TIPTON01,1040,FLAGSTAFF 3176,478,Miller Lite,3,2018-05-15,21:00:00,22:00:00,87.5,-192.2,-108.3,Yes,No,USBN,
1419,306,BWW-TIPTON01,1040,FLAGSTAFF 3176,917,Modelo Especial,21,2018-05-15,23:20:00,23:40:00,100,-150.63,-65.63,Yes,No,USBN,
1420,306,BWW-TIPTON01,1040,FLAGSTAFF 3176,6521,Oak Creek Nut Brown,22,2018-05-15,20:40:00,21:00:00,93.75,-97.34,-37.18,Yes,No,USBN,
1690,243,HOOTERS-HOA-SOUTH DIV,643,Homewood,25,Bud Light,14,2018-05-11,16:00:00,16:20:00,37.5,-509.43,-49.4,No,No,,
1691,243,HOOTERS-HOA-SOUTH DIV,643,Homewood,199,Lagunitas IPA,3,2018-05-11,12:40:00,13:00:00,25,-187.54,-74.86,No,No,,
1692,243,HOOTERS-HOA-SOUTH DIV,643,Homewood,25,Bud Light,14,2018-05-11,12:40:00,14:20:00,62.5,-509.43,-356.2,No,No,,
1693,243,HOOTERS-HOA-SOUTH DIV,643,Homewood,52,Stella Artois,9,2018-05-11,12:40:00,13:20:00,74.38,-234.67,-189.62,No,No,,
1694,243,HOOTERS-HOA-SOUTH DIV,643,Homewood,85,Michelob Ultra,10,2018-05-11,12:40:00,13:20:00,74.38,-217.22,-230.16,No,No,,
1695,243,HOOTERS-HOA-SOUTH DIV,643,Homewood,85,Michelob Ultra,10,2018-05-11,17:40:00,18:00:00,37.5,-217.22,-48.12,No,No,,
1696,243,HOOTERS-HOA-SOUTH DIV,643,Homewood,85,Michelob Ultra,10,2018-05-11,18:20:00,18:40:00,37.5,-217.22,-48.26,No,No,,
1697,243,HOOTERS-HOA-SOUTH DIV,643,Homewood,61,Budweiser,15,2018-05-11,12:40:00,13:20:00,62.5,-237.44,-263.63,No,No,,
1698,243,HOOTERS-HOA-SOUTH DIV,643,Homewood,478,Miller Lite,11,2018-05-11,17:40:00,18:20:00,46.88,-88.37,-125.62,No,No,,
1699,243,HOOTERS-HOA-SOUTH DIV,643,Homewood,478,Miller Lite,11,2018-05-11,19:40:00,20:00:00,37.5,-88.37,-44.4,No,No,,
1700,243,HOOTERS-HOA-SOUTH DIV,643,Homewood,25,Bud Light,14,2018-05-11,18:20:00,19:20:00,39.58,-509.43,-159.59,No,No,,
1701,243,HOOTERS-HOA-SOUTH DIV,643,Homewood,25,Bud Light,14,2018-05-11,23:00:00,23:20:00,37.5,-509.43,-55.05,No,No,,
1702,241,HOOTERS-HOA-EAST DIV,619,Columbia North,17,Samuel Adams Seasonal,6,2018-05-10,10:40:00,11:40:00,25,-313.35,-303.73,No,Yes,,
1703,241,HOOTERS-HOA-EAST DIV,619,Columbia North,40,Heineken,10,2018-05-10,11:00:00,11:40:00,25,-368.92,-225.06,No,Yes,,
1704,241,HOOTERS-HOA-EAST DIV,619,Columbia North,478,Miller Lite,3,2018-05-10,12:40:00,13:40:00,37.5,-295.2,-86.95,No,No,,
1705,241,HOOTERS-HOA-EAST DIV,619,Columbia North,478,Miller Lite,3,2018-05-10,11:20:00,12:00:00,74.38,-295.2,-139.05,No,Yes,,
1706,241,HOOTERS-HOA-EAST DIV,619,Columbia North,478,Miller Lite,3,2018-05-10,10:40:00,11:00:00,75,-295.2,-96.51,No,Yes,,
1707,241,HOOTERS-HOA-EAST DIV,619,Columbia North,19944,Yuengling Traditional Lager,7,2018-05-10,10:40:00,11:40:00,75,-259.56,-253.43,No,Yes,,
1708,241,HOOTERS-HOA-EAST DIV,619,Columbia North,220,Dos Equis Lager Especial,8,2018-05-10,10:40:00,11:40:00,62.5,-296.62,-290.79,No,Yes,,
1709,320,Capitol Pub,1033,Capitol Pub,788,Alexander Keith's IPA,1,2018-05-10,16:20:00,16:40:00,31.25,-1843,-54.69,No,No,,
1710,320,Capitol Pub,1033,Capitol Pub,788,Alexander Keith's IPA,1,2018-05-10,17:00:00,18:00:00,43.75,-1843,-137.46,No,No,,
1711,320,Capitol Pub,1033,Capitol Pub,788,Alexander Keith's IPA,1,2018-05-10,18:20:00,20:40:00,56.25,-1843,-1847.38,No,No,Bad Plu,
1587,54,HOOTERS-HOA-NORTH TX DIV,2299,San Marcos,7288,Karbach Hopadillo IPA,17,2018-05-12,19:20:00,22:00:00,74,-865.31,-312.45,No,No,,
1588,54,HOOTERS-HOA-NORTH TX DIV,2299,San Marcos,7288,Karbach Hopadillo IPA,17,2018-05-12,18:20:00,19:00:00,53.12,-865.31,-134.85,No,No,,
1589,54,HOOTERS-HOA-NORTH TX DIV,2299,San Marcos,199,Lagunitas IPA,21,2018-05-12,13:20:00,13:40:00,75,-179.61,-65.28,No,No,missing plu,
1590,54,HOOTERS-HOA-NORTH TX DIV,2299,San Marcos,220,Dos Equis Lager Especial,27,2018-05-12,16:00:00,16:20:00,50,0,-45.76,No,No,bad plu mapping,
1591,247,HOOTERS-HOA-CENTRAL DIV,832,Fort Campbell,85,Michelob Ultra,35,2018-05-12,21:40:00,22:20:00,53.12,-395.18,-98.6,No,No,,
1592,247,HOOTERS-HOA-CENTRAL DIV,832,Fort Campbell,85,Michelob Ultra,35,2018-05-12,13:40:00,14:00:00,75,-395.18,-66.86,No,No,internet or power failure,
1593,247,HOOTERS-HOA-CENTRAL DIV,832,Fort Campbell,85,Michelob Ultra,35,2018-05-12,12:40:00,13:00:00,75,-395.18,-90.23,No,No,,
1594,247,HOOTERS-HOA-CENTRAL DIV,832,Fort Campbell,85,Michelob Ultra,35,2018-05-12,01:00:00,01:20:00,31.25,-395.18,-35.32,No,No,,
1595,247,HOOTERS-HOA-CENTRAL DIV,832,Fort Campbell,85,Michelob Ultra,35,2018-05-12,18:00:00,19:20:00,50,-395.18,-178.6,No,No,,
1596,247,HOOTERS-HOA-CENTRAL DIV,832,Fort Campbell,85,Michelob Ultra,35,2018-05-12,20:00:00,20:40:00,34.38,-395.18,-77.14,No,No,,
1597,247,HOOTERS-HOA-CENTRAL DIV,832,Fort Campbell,85,Michelob Ultra,35,2018-05-12,15:20:00,15:40:00,62.5,-395.18,-46.83,No,No,,
1598,247,HOOTERS-HOA-CENTRAL DIV,832,Fort Campbell,85,Michelob Ultra,35,2018-05-12,14:40:00,15:00:00,37.5,-395.18,-47.76,No,No,,
1599,243,HOOTERS-HOA-SOUTH DIV,876,I Drive,25,Bud Light,6,2018-05-12,12:40:00,13:00:00,37.5,-671.92,-97.74,No,No,,
1600,243,HOOTERS-HOA-SOUTH DIV,876,I Drive,6031,Funky Buddha Floridian,26,2018-05-12,21:40:00,22:00:00,75,-6952.68,-6947.37,No,No,,
1601,243,HOOTERS-HOA-SOUTH DIV,876,I Drive,61,Budweiser,5,2018-05-12,13:40:00,20:00:00,34.38,-145.43,-286.57,No,No,,
1602,243,HOOTERS-HOA-SOUTH DIV,876,I Drive,25,Bud Light,6,2018-05-12,19:00:00,19:20:00,31.25,-671.92,-73.28,No,No,,
1603,243,HOOTERS-HOA-SOUTH DIV,876,I Drive,25,Bud Light,6,2018-05-12,20:20:00,22:20:00,40.62,-671.92,-792.14,No,No,,
1604,243,HOOTERS-HOA-SOUTH DIV,876,I Drive,25,Bud Light,6,2018-05-12,22:40:00,23:20:00,59.38,-671.92,-344.07,No,No,,
1605,243,HOOTERS-HOA-SOUTH DIV,876,I Drive,52,Stella Artois,38,2018-05-12,13:20:00,13:40:00,37.5,-122.3,-44.54,No,No,,
1606,243,HOOTERS-HOA-SOUTH DIV,876,I Drive,52,Stella Artois,38,2018-05-12,20:40:00,22:00:00,42.19,-122.3,-265.4,No,No,,
1607,243,HOOTERS-HOA-SOUTH DIV,876,I Drive,2532,Angry Orchard Crisp Apple Cider,14,2018-05-12,18:40:00,19:00:00,25,-77.76,-58.84,No,No,,
1608,243,HOOTERS-HOA-SOUTH DIV,876,I Drive,85,Michelob Ultra,34,2018-05-12,19:00:00,20:40:00,50,-134.27,-186.18,No,No,,
1609,243,HOOTERS-HOA-SOUTH DIV,876,I Drive,25,Bud Light,6,2018-05-12,17:00:00,17:20:00,31.25,-671.92,-81.29,No,No,,
1610,243,HOOTERS-HOA-SOUTH DIV,876,I Drive,40,Heineken,31,2018-05-12,22:00:00,22:20:00,25,-68.79,-83.86,No,No,,
1611,203,BWW-HUTCHINSON01,1232,SPRINGFIELD-WABASH ST 3317,25,Bud Light,36,2018-05-12,14:40:00,15:00:00,31.25,-4638.02,-67.2,No,No,,
1612,203,BWW-HUTCHINSON01,1232,SPRINGFIELD-WABASH ST 3317,25,Bud Light,36,2018-05-12,16:00:00,16:20:00,31.25,-4638.02,-105.68,No,No,,
1613,203,BWW-HUTCHINSON01,1232,SPRINGFIELD-WABASH ST 3317,25,Bud Light,36,2018-05-12,20:00:00,20:40:00,31.25,-4638.02,-137.21,No,No,,
1614,203,BWW-HUTCHINSON01,1232,SPRINGFIELD-WABASH ST 3317,25,Bud Light,36,2018-05-12,21:00:00,21:20:00,31.25,-4638.02,-101.81,No,No,,
1615,203,BWW-HUTCHINSON01,1232,SPRINGFIELD-WABASH ST 3317,25,Bud Light,36,2018-05-12,22:00:00,22:20:00,31.25,-4638.02,-104.61,No,No,,
1616,203,BWW-HUTCHINSON01,1232,SPRINGFIELD-WABASH ST 3317,2532,Angry Orchard Crisp Apple Cider,6,2018-05-12,15:20:00,15:40:00,25,-23.34,-37.18,No,No,,
1617,66,BWW-WARD01,359,CELEBRATION CINEMA 3118,1282,Bell's Oberon,22,2018-05-12,21:00:00,22:00:00,46.88,-157.01,-152.4,No,No,,
1618,66,BWW-WARD01,359,CELEBRATION CINEMA 3118,2532,Angry Orchard Crisp Apple Cider,25,2018-05-12,21:00:00,21:20:00,25,-26.58,-37.61,No,No,,
1619,66,BWW-WARD01,359,CELEBRATION CINEMA 3118,1282,Bell's Oberon,22,2018-05-12,17:20:00,20:00:00,44.53,-157.01,-477.25,No,No,,
1620,66,BWW-WARD01,359,CELEBRATION CINEMA 3118,1282,Bell's Oberon,22,2018-05-12,15:40:00,16:00:00,37.5,-157.01,-38.69,No,No,,
1621,66,BWW-WARD01,359,CELEBRATION CINEMA 3118,58,Newcastle Brown Ale,35,2018-05-12,18:00:00,18:20:00,25,-21.77,-36.77,No,No,,
1622,66,BWW-WARD01,359,CELEBRATION CINEMA 3118,4831,Deschutes Fresh Squeezed IPA,1,2018-05-12,15:40:00,16:00:00,25,-48.97,-42,No,No,,
1623,66,BWW-WARD01,359,CELEBRATION CINEMA 3118,1103,Bell's Two Hearted Ale,32,2018-05-12,14:40:00,15:00:00,25,-103.99,-59.19,No,No,,
1624,66,BWW-WARD01,359,CELEBRATION CINEMA 3118,1282,Bell's Oberon,22,2018-05-12,20:20:00,20:40:00,31.25,-157.01,-32.78,No,No,,
1625,66,BWW-WARD01,359,CELEBRATION CINEMA 3118,21732,Labatt Blue Light,40,2018-05-12,21:20:00,22:00:00,74.38,-8313.85,-8328.47,No,No,,
1626,225,The Liquid Guardian,496,The Ruck,9860,Switchback Ale,18,2018-05-12,00:20:00,00:40:00,25,-338.94,-102.94,No,No,bav box failure,
1627,225,The Liquid Guardian,496,The Ruck,17612,Anderson Valley Briney Melon Gose,26,2018-05-12,00:20:00,00:40:00,25,-91.03,-49.28,No,No,bav box failure,
1628,225,The Liquid Guardian,496,The Ruck,2351,Sierra Nevada Kellerweis,2,2018-05-12,19:20:00,20:00:00,46.88,-125.89,-87.46,No,No,bav box failure,
1629,225,The Liquid Guardian,496,The Ruck,11018,Jack's Abby House Lager,12,2018-05-12,18:00:00,18:20:00,25,-240.54,-37.04,No,No,,
1630,225,The Liquid Guardian,496,The Ruck,11018,Jack's Abby House Lager,12,2018-05-12,18:40:00,19:00:00,50,-240.54,-47.84,No,No,,
1631,225,The Liquid Guardian,496,The Ruck,29904,Threes Vliet,3,2018-05-12,18:00:00,18:20:00,43.75,-195.78,-37.5,No,No,,
1632,225,The Liquid Guardian,496,The Ruck,11018,Jack's Abby House Lager,12,2018-05-12,19:20:00,19:40:00,43.75,-240.54,-34.23,No,No,,
1633,225,The Liquid Guardian,496,The Ruck,9860,Switchback Ale,18,2018-05-12,15:20:00,15:40:00,43.75,-338.94,-51.59,No,No,,
1634,225,The Liquid Guardian,496,The Ruck,2351,Sierra Nevada Kellerweis,2,2018-05-12,02:20:00,02:40:00,25,-125.89,-92.34,No,No,,
1635,225,The Liquid Guardian,496,The Ruck,52305,Downeast Drier Side: Hopped Grapefruit Cider,24,2018-05-12,14:00:00,14:20:00,75,-86.27,-59.1,No,No,,
1636,225,The Liquid Guardian,496,The Ruck,26395,Brooklyn Bel Air Sour Ale,29,2018-05-12,20:20:00,20:40:00,43.75,-243.54,-35.2,No,No,bav box failure,
1637,225,The Liquid Guardian,496,The Ruck,9860,Switchback Ale,18,2018-05-12,16:00:00,16:20:00,50,-338.94,-61.19,No,No,,
1638,225,The Liquid Guardian,496,The Ruck,26395,Brooklyn Bel Air Sour Ale,29,2018-05-12,00:00:00,00:20:00,25,-243.54,-40.99,No,No,bav box failure,
1639,225,The Liquid Guardian,496,The Ruck,31009,Common Roots Beta,10,2018-05-12,22:20:00,23:00:00,37.5,-71.6,-36.78,No,No,bav box failure,
1640,225,The Liquid Guardian,496,The Ruck,10499,Peekskill Amazeballs,4,2018-05-12,16:40:00,17:00:00,50,-133.18,-46.18,No,No,,
1641,225,The Liquid Guardian,496,The Ruck,10499,Peekskill Amazeballs,4,2018-05-12,17:20:00,17:40:00,43.75,-133.18,-30.34,No,No,,
1642,225,The Liquid Guardian,496,The Ruck,10499,Peekskill Amazeballs,4,2018-05-12,18:40:00,19:00:00,50,-133.18,-41.11,No,No,,
1643,225,The Liquid Guardian,496,The Ruck,33998,KCBC IPA,5,2018-05-12,01:00:00,01:40:00,49.38,-466.22,-128.16,No,No,bav box failure,
1644,225,The Liquid Guardian,496,The Ruck,33998,KCBC IPA,5,2018-05-12,03:00:00,03:20:00,73.75,-466.22,-30.55,No,No,bav box failure,
1645,225,The Liquid Guardian,496,The Ruck,33998,KCBC IPA,5,2018-05-12,14:20:00,14:40:00,43.75,-466.22,-73.17,No,No,,
1646,225,The Liquid Guardian,496,The Ruck,33998,KCBC IPA,5,2018-05-12,15:00:00,15:20:00,31.25,-466.22,-44.03,No,No,,
1647,225,The Liquid Guardian,496,The Ruck,33998,KCBC IPA,5,2018-05-12,16:00:00,16:20:00,37.5,-466.22,-57.84,No,No,,
1648,225,The Liquid Guardian,496,The Ruck,33998,KCBC IPA,5,2018-05-12,17:20:00,17:40:00,31.25,-466.22,-41.86,No,No,,
1649,225,The Liquid Guardian,496,The Ruck,33998,KCBC IPA,5,2018-05-12,19:00:00,20:00:00,45.83,-466.22,-271.43,No,No,bav box failure,
1650,225,The Liquid Guardian,496,The Ruck,9860,Switchback Ale,18,2018-05-12,16:40:00,17:00:00,43.75,-338.94,-55.75,No,No,bav box failure,
1651,225,The Liquid Guardian,496,The Ruck,2841,Left Hand Nitro Milk Stout,1,2018-05-12,18:40:00,19:40:00,50,-218.45,-121.05,No,No,bav box failure,
1652,225,The Liquid Guardian,496,The Ruck,29904,Threes Vliet,3,2018-05-12,15:00:00,15:20:00,43.75,-195.78,-40.52,No,No,bav box failure,
1653,225,The Liquid Guardian,496,The Ruck,17612,Anderson Valley Briney Melon Gose,26,2018-05-12,02:00:00,02:20:00,25,-91.03,-60.88,No,No,bav box failure,
1654,225,The Liquid Guardian,496,The Ruck,21310,Fiddlehead IPA,8,2018-05-12,22:20:00,22:40:00,25,-221.65,-39.23,No,No,bav box failure,
1655,357,BWW-CORP,1545,"NEW BERLIN, WI 410",478,Miller Lite,30,2018-05-12,22:00:00,22:40:00,34.38,-199.44,-100.88,No,No,,
1656,357,BWW-CORP,1545,"NEW BERLIN, WI 410",478,Miller Lite,30,2018-05-12,17:20:00,20:40:00,42.36,-199.44,-700.91,No,No,,
1657,357,BWW-CORP,1545,"NEW BERLIN, WI 410",478,Miller Lite,30,2018-05-12,16:00:00,16:40:00,37.5,-199.44,-125.77,No,No,,
1658,357,BWW-CORP,1545,"NEW BERLIN, WI 410",25,Bud Light,26,2018-05-12,15:20:00,15:40:00,50,-138.34,-52.62,No,No,,
1659,357,BWW-CORP,1545,"NEW BERLIN, WI 410",25,Bud Light,26,2018-05-12,16:00:00,17:40:00,40.62,-138.34,-165.96,No,No,,
1660,357,BWW-CORP,1545,"NEW BERLIN, WI 410",478,Miller Lite,30,2018-05-12,14:00:00,14:40:00,34.38,-199.44,-106.09,No,No,,
1661,357,BWW-CORP,1545,"NEW BERLIN, WI 410",25,Bud Light,26,2018-05-12,18:00:00,19:00:00,31.25,-138.34,-88.08,No,No,,
1662,357,BWW-CORP,1545,"NEW BERLIN, WI 410",478,Miller Lite,30,2018-05-12,21:00:00,21:40:00,34.38,-199.44,-104.46,No,No,,
1663,357,BWW-CORP,1527,"MONONA, WI 411",3193,New Glarus Spotted Cow,29,2018-05-12,19:00:00,19:20:00,43.75,-131.69,-53.56,No,No,,
1664,357,BWW-CORP,1527,"MONONA, WI 411",3193,New Glarus Spotted Cow,29,2018-05-12,19:40:00,22:00:00,44.79,-131.69,-351.06,No,No,,
1665,357,BWW-CORP,1527,"MONONA, WI 411",478,Miller Lite,7,2018-05-12,12:40:00,13:00:00,31.25,-122.69,-39.47,No,No,,
1666,357,BWW-CORP,1527,"MONONA, WI 411",59,Coors Light,8,2018-05-12,20:20:00,20:40:00,31.25,-240.39,-40.54,No,No,,
1667,357,BWW-CORP,1527,"MONONA, WI 411",59,Coors Light,8,2018-05-12,18:00:00,18:20:00,43.75,-240.39,-60.93,No,No,,
1668,357,BWW-CORP,1527,"MONONA, WI 411",59,Coors Light,8,2018-05-12,17:00:00,17:20:00,43.75,-240.39,-62.2,No,No,,
1669,357,BWW-CORP,1527,"MONONA, WI 411",59,Coors Light,8,2018-05-12,15:20:00,16:40:00,40.62,-240.39,-263.41,No,No,,
1670,357,BWW-CORP,1527,"MONONA, WI 411",59,Coors Light,8,2018-05-12,13:00:00,14:20:00,37.5,-240.39,-155.72,No,No,,
1671,357,BWW-CORP,1527,"MONONA, WI 411",478,Miller Lite,7,2018-05-12,22:40:00,23:00:00,31.25,-122.69,-36.82,No,No,,
1672,357,BWW-CORP,1527,"MONONA, WI 411",478,Miller Lite,7,2018-05-12,21:20:00,22:00:00,31.25,-122.69,-74.71,No,No,,
1673,357,BWW-CORP,1527,"MONONA, WI 411",478,Miller Lite,7,2018-05-12,19:40:00,20:40:00,37.5,-122.69,-147.21,No,No,,
1674,357,BWW-CORP,1527,"MONONA, WI 411",478,Miller Lite,7,2018-05-12,15:40:00,16:00:00,37.5,-122.69,-42.76,No,No,,
1675,357,BWW-CORP,1527,"MONONA, WI 411",478,Miller Lite,7,2018-05-12,14:20:00,14:40:00,43.75,-122.69,-56.34,No,No,,
1676,357,BWW-CORP,1527,"MONONA, WI 411",478,Miller Lite,7,2018-05-12,13:20:00,13:40:00,31.25,-122.69,-41.54,No,No,,
1677,357,BWW-CORP,1527,"MONONA, WI 411",3193,New Glarus Spotted Cow,29,2018-05-12,17:20:00,18:40:00,39.58,-131.69,-132.21,No,No,,
1678,357,BWW-CORP,1527,"MONONA, WI 411",59,Coors Light,8,2018-05-12,19:00:00,19:40:00,37.5,-240.39,-93.16,No,No,,
1679,367,BWW-GRUBE01,1798,BRIDGEPORT 3380,25,Bud Light,1,2018-05-12,19:20:00,19:40:00,31.25,-9291.95,-134.71,No,No,,
1680,367,BWW-GRUBE01,1798,BRIDGEPORT 3380,85,Michelob Ultra,4,2018-05-12,21:40:00,22:00:00,25,-22.83,-36.04,No,No,,
1681,367,BWW-GRUBE01,1798,BRIDGEPORT 3380,25,Bud Light,1,2018-05-12,20:20:00,21:00:00,31.25,-9291.95,-219.23,No,No,,
1682,357,BWW-CORP,1356,"ELK GROVE VILLAGE, IL 573",25,Bud Light,19,2018-05-12,22:40:00,23:00:00,75,-3531.72,-3588.72,No,No,,
1683,357,BWW-CORP,2235,"Morris, IL 668",478,Miller Lite,30,2018-05-12,19:40:00,20:00:00,31.25,-123.45,-34.11,No,No,,
1684,357,BWW-CORP,2235,"Morris, IL 668",49400,Stone Scorpion Bowl IPA,3,2018-05-12,18:20:00,18:40:00,25,-63.58,-40.9,No,No,,
1685,357,BWW-CORP,2235,"Morris, IL 668",478,Miller Lite,30,2018-05-12,13:00:00,15:00:00,56.25,-123.45,-147.36,No,No,,
1686,357,BWW-CORP,2235,"Morris, IL 668",59,Coors Light,29,2018-05-12,14:00:00,14:20:00,56.25,-6937.77,-93.44,No,No,,
1687,357,BWW-CORP,2235,"Morris, IL 668",478,Miller Lite,30,2018-05-12,22:00:00,22:20:00,37.5,-123.45,-38.25,No,No,,
1688,357,BWW-CORP,2235,"Morris, IL 668",478,Miller Lite,30,2018-05-12,18:40:00,19:20:00,50,-123.45,-136.14,No,No,,
1689,492,Brass Tap,2677,Colorado Taps,1528,Weihenstephaner Hefeweissbier,8,2018-05-12,23:00:00,23:20:00,25,-32.63,-36.03,No,No,,
1918,66,BWW-WARD01,582,BATTLE CREEK 3565,220,Dos Equis Lager Especial,8,2018-05-16,18:00:00,18:20:00,25,-12.43,-89.12,No,No,,
1919,66,BWW-WARD01,582,BATTLE CREEK 3565,25,Bud Light,4,2018-05-16,15:20:00,15:40:00,56.25,-224.34,-78.94,No,No,,
1920,66,BWW-WARD01,582,BATTLE CREEK 3565,52,Stella Artois,5,2018-05-16,19:40:00,20:00:00,43.75,-88.46,-65.42,No,No,,
1921,66,BWW-WARD01,582,BATTLE CREEK 3565,478,Miller Lite,30,2018-05-16,20:40:00,21:00:00,37.5,-241.55,-77.58,No,No,,
1922,66,BWW-WARD01,582,BATTLE CREEK 3565,478,Miller Lite,30,2018-05-16,19:20:00,20:00:00,37.5,-241.55,-267.82,No,No,,
1923,66,BWW-WARD01,582,BATTLE CREEK 3565,478,Miller Lite,30,2018-05-16,18:40:00,19:00:00,25,-241.55,-117.86,No,No,,
1924,66,BWW-WARD01,582,BATTLE CREEK 3565,85,Michelob Ultra,23,2018-05-16,20:40:00,21:00:00,25,-104.32,-86.56,No,No,,
1925,66,BWW-WARD01,582,BATTLE CREEK 3565,25,Bud Light,4,2018-05-16,17:40:00,18:00:00,56.25,-224.34,-81.4,No,No,,
1926,66,BWW-WARD01,582,BATTLE CREEK 3565,25,Bud Light,4,2018-05-16,18:40:00,19:20:00,31.25,-224.34,-162.5,No,No,,
1927,66,BWW-WARD01,582,BATTLE CREEK 3565,25,Bud Light,4,2018-05-16,16:20:00,16:40:00,31.25,-224.34,-79.96,No,No,,
1712,510,Sliders Grill & Bar,2730,Wallingford,52697,Thomas Hooker Flippin Bird Ale,5,2018-05-14,18:00:00,18:20:00,50,-81.93,-74.36,No,No,,
1713,510,Sliders Grill & Bar,2730,Wallingford,52697,Thomas Hooker Flippin Bird Ale,5,2018-05-14,20:40:00,21:00:00,43.75,-81.93,-33.46,No,No,,
1714,510,Sliders Grill & Bar,2730,Wallingford,19944,Yuengling Traditional Lager,20,2018-05-14,18:00:00,18:40:00,50,-141.65,-102.96,No,No,,
1715,510,Sliders Grill & Bar,2730,Wallingford,52697,Thomas Hooker Flippin Bird Ale,5,2018-05-14,18:40:00,19:00:00,50,-81.93,-48.33,No,No,,
1716,357,BWW-CORP,1607,"QUEEN CREEK, AZ 601",25,Bud Light,3,2018-05-14,14:00:00,14:40:00,46.88,-194.86,-106.03,No,Yes,,
1717,357,BWW-CORP,1607,"QUEEN CREEK, AZ 601",25,Bud Light,3,2018-05-14,15:00:00,15:20:00,31.25,-194.86,-37.82,No,No,,
1718,357,BWW-CORP,1607,"QUEEN CREEK, AZ 601",85,Michelob Ultra,5,2018-05-14,14:00:00,15:00:00,61.88,-158.04,-86.66,No,Yes,,
1719,357,BWW-CORP,1607,"QUEEN CREEK, AZ 601",117,Samuel Adams Summer Ale,8,2018-05-14,14:00:00,15:00:00,57.5,-134.01,-128.62,No,Yes,,
1720,357,BWW-CORP,1607,"QUEEN CREEK, AZ 601",478,Miller Lite,1,2018-05-14,21:00:00,21:20:00,56.25,-255.93,-39.32,No,No,,
1721,357,BWW-CORP,1607,"QUEEN CREEK, AZ 601",478,Miller Lite,1,2018-05-14,13:40:00,16:40:00,57.19,-255.93,-201.9,No,No,,
1722,357,BWW-CORP,1607,"QUEEN CREEK, AZ 601",85,Michelob Ultra,5,2018-05-14,00:00:00,00:20:00,37.5,-158.04,-40.54,No,No,,
1723,357,BWW-CORP,1607,"QUEEN CREEK, AZ 601",59,Coors Light,2,2018-05-14,13:40:00,15:00:00,65.83,-207.12,-143.2,No,Yes,,
1724,357,BWW-CORP,1607,"QUEEN CREEK, AZ 601",3,Samuel Adams Boston Lager,7,2018-05-14,14:00:00,14:20:00,50,-168.18,-84.8,No,No,,
1725,357,BWW-CORP,1607,"QUEEN CREEK, AZ 601",25,Bud Light,3,2018-05-14,19:40:00,20:00:00,37.5,-194.86,-61.84,No,No,,
1726,318,HOOTERS-OWL MGMT,1030,Manchester,478,Miller Lite,2,2018-05-14,21:00:00,21:20:00,25,-196.43,-121.86,No,No,,
1727,318,HOOTERS-OWL MGMT,1030,Manchester,59,Coors Light,5,2018-05-14,14:40:00,15:00:00,25,-8.76,-64.92,No,No,,
1728,318,HOOTERS-OWL MGMT,1030,Manchester,25,Bud Light,9,2018-05-14,21:00:00,21:20:00,50,-320.57,-121.78,No,No,,
1729,318,HOOTERS-OWL MGMT,1030,Manchester,25,Bud Light,9,2018-05-14,19:20:00,20:00:00,62.5,-320.57,-221.82,No,No,,
1730,317,BWW-MEHIEL01,1028,"RIVERDALE, NY 3667",36,Blue Moon Belgian White,27,2018-05-14,20:20:00,22:40:00,42.71,-198.27,-498.54,No,No,,
1731,317,BWW-MEHIEL01,1028,"RIVERDALE, NY 3667",36,Blue Moon Belgian White,27,2018-05-14,15:40:00,16:00:00,31.25,-198.27,-39.04,No,No,,
1732,317,BWW-MEHIEL01,1028,"RIVERDALE, NY 3667",34182,Stone Ripper,21,2018-05-14,17:40:00,18:00:00,25,-649.59,-452.74,No,No,,
1733,317,BWW-MEHIEL01,1028,"RIVERDALE, NY 3667",220,Dos Equis Lager Especial,6,2018-05-14,19:40:00,20:00:00,75,-414.85,-417.41,No,Yes,,
1734,317,BWW-MEHIEL01,1028,"RIVERDALE, NY 3667",28,Samuel Adams Cherry Wheat,25,2018-05-14,20:00:00,20:20:00,75,-246.52,-217.64,No,Yes,,
1735,317,BWW-MEHIEL01,1028,"RIVERDALE, NY 3667",28,Samuel Adams Cherry Wheat,25,2018-05-14,13:40:00,14:00:00,31.25,-246.52,-40.25,No,No,,
1736,317,BWW-MEHIEL01,1028,"RIVERDALE, NY 3667",478,Miller Lite,26,2018-05-14,20:00:00,20:20:00,75,-225.08,-216.43,No,Yes,,
1737,317,BWW-MEHIEL01,1028,"RIVERDALE, NY 3667",25,Bud Light,30,2018-05-14,18:40:00,19:00:00,75,-437.68,-434.94,No,Yes,,
1738,243,HOOTERS-HOA-SOUTH DIV,600,McDonough,220,Dos Equis Lager Especial,8,2018-05-15,19:20:00,20:00:00,56.25,-125.28,-177.46,No,No,,
1739,243,HOOTERS-HOA-SOUTH DIV,600,McDonough,40,Heineken,5,2018-05-15,18:40:00,19:00:00,73.75,-134.19,-37.46,No,No,,
1740,243,HOOTERS-HOA-SOUTH DIV,600,McDonough,40,Heineken,5,2018-05-15,21:00:00,21:20:00,75,-134.19,-67.28,No,No,,
1741,367,BWW-GRUBE01,1770,BLACKSBURG 3083,2690,Pabst Blue Ribbon,1,2018-05-15,21:00:00,21:20:00,56.25,-318.27,-33.89,No,No,Internet Issue,
1742,367,BWW-GRUBE01,1770,BLACKSBURG 3083,917,Modelo Especial,3,2018-05-15,11:20:00,11:40:00,50,-250.18,-232.02,No,No,Internet Issue,
1743,367,BWW-GRUBE01,1770,BLACKSBURG 3083,917,Modelo Especial,3,2018-05-15,19:00:00,19:20:00,37.5,-250.18,-39.11,No,No,Internet Issue,
1744,367,BWW-GRUBE01,1770,BLACKSBURG 3083,917,Modelo Especial,3,2018-05-15,22:00:00,22:20:00,37.5,-250.18,-41.4,No,No,Internet Issue,
1745,367,BWW-GRUBE01,1770,BLACKSBURG 3083,2690,Pabst Blue Ribbon,1,2018-05-15,11:20:00,11:40:00,50,-318.27,-293.08,No,No,Internet Issue,
1746,367,BWW-GRUBE01,1770,BLACKSBURG 3083,2781,Devils Backbone Vienna Lager,19,2018-05-15,11:20:00,11:40:00,50,-426.4,-414.56,No,No,Internet Issue,
1747,367,BWW-GRUBE01,1770,BLACKSBURG 3083,59,Coors Light,6,2018-05-15,11:20:00,11:40:00,50,-372.89,-214.43,No,No,Internet Issue,
1748,367,BWW-GRUBE01,1770,BLACKSBURG 3083,11020,Parkway Get Bent Mountain IPA,18,2018-05-15,11:20:00,11:40:00,50,-560.73,-556.27,No,No,Internet Issue,
1749,367,BWW-GRUBE01,1770,BLACKSBURG 3083,19944,Yuengling Traditional Lager,7,2018-05-15,18:20:00,18:40:00,31.25,-607.8,-37.33,No,No,Internet Issue,
1750,367,BWW-GRUBE01,1770,BLACKSBURG 3083,19944,Yuengling Traditional Lager,7,2018-05-15,13:40:00,14:00:00,37.5,-607.8,-80.8,No,No,Internet Issue,
1751,367,BWW-GRUBE01,1770,BLACKSBURG 3083,59,Coors Light,6,2018-05-15,19:20:00,20:00:00,31.25,-372.89,-70.85,No,No,Internet Issue,
1752,367,BWW-GRUBE01,1770,BLACKSBURG 3083,59,Coors Light,6,2018-05-15,20:20:00,22:00:00,41.25,-372.89,-262.82,No,No,Internet Issue,
1753,367,BWW-GRUBE01,1770,BLACKSBURG 3083,19944,Yuengling Traditional Lager,7,2018-05-15,11:20:00,11:40:00,50,-607.8,-578.36,No,No,Internet Issue,
1754,367,BWW-GRUBE01,1770,BLACKSBURG 3083,3,Samuel Adams Boston Lager,2,2018-05-15,11:20:00,11:40:00,50,-295.3,-281.42,No,No,Internet Issue,
1755,367,BWW-GRUBE01,1770,BLACKSBURG 3083,3,Samuel Adams Boston Lager,2,2018-05-15,15:00:00,15:20:00,56.25,-295.3,-34.97,No,No,Internet Issue,
1756,367,BWW-GRUBE01,1770,BLACKSBURG 3083,3,Samuel Adams Boston Lager,2,2018-05-15,20:00:00,20:20:00,31.25,-295.3,-35.11,No,No,Internet Issue,
1757,367,BWW-GRUBE01,1770,BLACKSBURG 3083,49400,Stone Scorpion Bowl IPA,13,2018-05-15,11:20:00,11:40:00,50,-100.1,-98.6,No,No,Internet Issue,
1758,367,BWW-GRUBE01,1770,BLACKSBURG 3083,478,Miller Lite,8,2018-05-15,16:40:00,19:00:00,44.64,-154.85,-426.19,No,No,Internet Issue,
1759,367,BWW-GRUBE01,1770,BLACKSBURG 3083,6102,Guinness Draught,20,2018-05-15,11:20:00,11:40:00,25,-153.92,-153.15,No,No,Internet Issue,
1760,367,BWW-GRUBE01,1770,BLACKSBURG 3083,2532,Angry Orchard Crisp Apple Cider,15,2018-05-15,11:20:00,11:40:00,50,-225.78,-231.52,No,No,Internet Issue,
1761,367,BWW-GRUBE01,1770,BLACKSBURG 3083,478,Miller Lite,8,2018-05-15,19:20:00,20:40:00,45.31,-154.85,-238.68,No,No,Internet Issue,
1762,367,BWW-GRUBE01,1770,BLACKSBURG 3083,2690,Pabst Blue Ribbon,1,2018-05-15,19:00:00,19:20:00,56.25,-318.27,-35.25,No,No,Internet Issue,
1763,367,BWW-GRUBE01,1770,BLACKSBURG 3083,199,Lagunitas IPA,12,2018-05-15,11:20:00,11:40:00,50,-234.56,-234.81,No,No,Internet Issue,
1764,306,BWW-TIPTON01,1040,FLAGSTAFF 3176,25,Bud Light,2,2018-05-15,23:00:00,23:20:00,62.5,-267.29,-40.44,No,No,,
1765,306,BWW-TIPTON01,1040,FLAGSTAFF 3176,59,Coors Light,4,2018-05-15,01:00:00,02:00:00,45.83,-285.73,-311.28,No,No,,
1766,306,BWW-TIPTON01,1040,FLAGSTAFF 3176,917,Modelo Especial,21,2018-05-15,19:00:00,21:40:00,43.12,-150.63,-57.2,No,No,,
1767,306,BWW-TIPTON01,1040,FLAGSTAFF 3176,59,Coors Light,4,2018-05-15,22:20:00,22:40:00,25,-285.73,-38.76,No,No,,
1768,306,BWW-TIPTON01,1040,FLAGSTAFF 3176,478,Miller Lite,3,2018-05-15,16:00:00,16:20:00,43.75,-192.2,-40.15,No,No,,
1769,306,BWW-TIPTON01,1040,FLAGSTAFF 3176,220,Dos Equis Lager Especial,15,2018-05-15,00:00:00,00:20:00,50,-157.53,-73.36,No,No,,
1770,306,BWW-TIPTON01,1040,FLAGSTAFF 3176,220,Dos Equis Lager Especial,15,2018-05-15,19:20:00,19:40:00,37.5,-157.53,-40.97,No,No,,
1771,306,BWW-TIPTON01,1040,FLAGSTAFF 3176,199,Lagunitas IPA,16,2018-05-15,00:00:00,16:40:00,40.62,-96.65,-86.37,No,No,,
1772,306,BWW-TIPTON01,1040,FLAGSTAFF 3176,31496,Mother Road Tower Station IPA,20,2018-05-15,02:40:00,22:00:00,45.94,-249.84,-97.1,No,No,,
1773,306,BWW-TIPTON01,1040,FLAGSTAFF 3176,58,Newcastle Brown Ale,7,2018-05-15,21:00:00,21:20:00,31.25,-94.51,-25.59,No,No,,
1774,306,BWW-TIPTON01,1040,FLAGSTAFF 3176,25,Bud Light,2,2018-05-15,00:20:00,00:40:00,31.25,-267.29,-37.64,No,No,,
1775,306,BWW-TIPTON01,1040,FLAGSTAFF 3176,25,Bud Light,2,2018-05-15,19:20:00,19:40:00,31.25,-267.29,-38.38,No,No,,
1776,306,BWW-TIPTON01,1040,FLAGSTAFF 3176,25,Bud Light,2,2018-05-15,20:20:00,20:40:00,43.75,-267.29,-57.27,No,No,,
1777,306,BWW-TIPTON01,1040,FLAGSTAFF 3176,59,Coors Light,4,2018-05-15,21:40:00,22:00:00,25,-285.73,-36.92,No,No,,
1778,306,BWW-TIPTON01,1040,FLAGSTAFF 3176,61,Budweiser,1,2018-05-15,20:00:00,20:20:00,37.5,-124.4,-33.24,No,No,,
1779,489,Pour My Beer,2734,Blast N Brews,43070,House Beer,31,2018-05-15,15:20:00,20:20:00,44.64,-1073.7,-1177.5,No,No,,
1780,489,Pour My Beer,2734,Blast N Brews,690,Murphy's Irish Stout,3,2018-05-15,16:00:00,18:40:00,50,-180.81,-187.4,No,No,,
1781,489,Pour My Beer,2734,Blast N Brews,30393,Dust Bowl Taco Truck Lager,29,2018-05-15,17:20:00,18:40:00,43.75,-675.99,-216.2,No,No,,
1782,489,Pour My Beer,2734,Blast N Brews,29337,Tioga-Sequoia 99 Golden Ale,18,2018-05-15,16:20:00,17:40:00,37.5,-1552.95,-353.8,No,No,,
1783,489,Pour My Beer,2734,Blast N Brews,23506,Ballast Point Watermelon Dorado,16,2018-05-15,13:00:00,13:20:00,43.75,-868.23,-177.3,No,No,,
1784,489,Pour My Beer,2734,Blast N Brews,1195,Deschutes Red Chair,14,2018-05-15,13:20:00,18:00:00,50,-424.89,-208.7,No,No,,
1785,489,Pour My Beer,2734,Blast N Brews,3623,Karl Strauss Red Trolley Ale,21,2018-05-15,12:20:00,14:20:00,45.83,-429.3,-320.4,No,No,,
1786,489,Pour My Beer,2734,Blast N Brews,30393,Dust Bowl Taco Truck Lager,29,2018-05-15,19:00:00,19:40:00,40.62,-675.99,-199.2,No,No,,
1787,489,Pour My Beer,2734,Blast N Brews,23506,Ballast Point Watermelon Dorado,16,2018-05-15,17:20:00,20:20:00,37.5,-868.23,-590.9,No,No,,
1788,489,Pour My Beer,2734,Blast N Brews,59,Coors Light,8,2018-05-15,16:40:00,17:00:00,50,-201.87,-134.8,No,No,,
1789,357,BWW-CORP,1659,"SOUTH STRIP LV, NV 182",36906,Blue Moon Mango Wheat,13,2018-05-15,21:40:00,22:00:00,75,-290.58,-58.99,No,No,,
1790,357,BWW-CORP,1659,"SOUTH STRIP LV, NV 182",36,Blue Moon Belgian White,14,2018-05-15,03:20:00,03:40:00,50,-305.45,-51.34,No,No,,
1791,357,BWW-CORP,1659,"SOUTH STRIP LV, NV 182",220,Dos Equis Lager Especial,17,2018-05-15,21:20:00,21:40:00,68.75,-127.14,-36.9,No,No,,
1792,357,BWW-CORP,1659,"SOUTH STRIP LV, NV 182",199,Lagunitas IPA,7,2018-05-15,20:40:00,22:00:00,74.69,-244.65,-154.28,No,No,,
1793,357,BWW-CORP,1659,"SOUTH STRIP LV, NV 182",199,Lagunitas IPA,7,2018-05-15,22:20:00,22:40:00,73.75,-244.65,-33.75,No,No,,
1794,357,BWW-CORP,1659,"SOUTH STRIP LV, NV 182",2532,Angry Orchard Crisp Apple Cider,26,2018-05-15,21:00:00,21:20:00,75,-182.39,-41.26,No,No,,
1795,357,BWW-CORP,1659,"SOUTH STRIP LV, NV 182",59,Coors Light,16,2018-05-15,17:40:00,18:00:00,73.75,-344.84,-35.75,No,No,,
1796,357,BWW-CORP,1659,"SOUTH STRIP LV, NV 182",61,Budweiser,25,2018-05-15,20:00:00,20:20:00,75,-167.72,-35.53,No,No,,
1797,357,BWW-CORP,1659,"SOUTH STRIP LV, NV 182",52,Stella Artois,28,2018-05-15,20:20:00,20:40:00,75,-98.24,-40.83,No,No,,
1798,357,BWW-CORP,1659,"SOUTH STRIP LV, NV 182",778,Leinenkugel Summer Shandy,4,2018-05-15,20:40:00,21:00:00,75,-114.83,-37.47,No,No,,
1799,357,BWW-CORP,1659,"SOUTH STRIP LV, NV 182",917,Modelo Especial,23,2018-05-15,17:20:00,17:40:00,73.75,-91.74,-35.96,No,No,,
1800,357,BWW-CORP,1659,"SOUTH STRIP LV, NV 182",59,Coors Light,16,2018-05-15,20:20:00,22:00:00,74,-344.84,-242.1,No,No,,
1801,357,BWW-CORP,1659,"SOUTH STRIP LV, NV 182",36,Blue Moon Belgian White,14,2018-05-15,00:00:00,00:20:00,31.25,-305.45,-31.81,No,No,,
1802,357,BWW-CORP,1659,"SOUTH STRIP LV, NV 182",708,Shock Top Belgian White,5,2018-05-15,17:20:00,17:40:00,75,-134.63,-56.56,No,No,,
1803,357,BWW-CORP,1659,"SOUTH STRIP LV, NV 182",85,Michelob Ultra,9,2018-05-15,21:40:00,22:00:00,25,-408.84,-74.29,No,No,,
1804,357,BWW-CORP,1659,"SOUTH STRIP LV, NV 182",478,Miller Lite,20,2018-05-15,15:20:00,16:00:00,68.75,-179.89,-68.07,No,No,,
1805,357,BWW-CORP,1659,"SOUTH STRIP LV, NV 182",36906,Blue Moon Mango Wheat,13,2018-05-15,17:20:00,18:00:00,74.38,-290.58,-94.31,No,No,,
1806,357,BWW-CORP,1659,"SOUTH STRIP LV, NV 182",917,Modelo Especial,23,2018-05-15,03:20:00,03:40:00,50,-91.74,-52.7,No,No,,
1807,357,BWW-CORP,1659,"SOUTH STRIP LV, NV 182",3,Samuel Adams Boston Lager,1,2018-05-15,21:00:00,21:20:00,75,-60.92,-41.11,No,No,,images
1808,357,BWW-CORP,1475,"LAS VEGAS MIRACLE MILE, NV 587",478,Miller Lite,2,2018-05-15,01:20:00,01:40:00,25,-55.92,-52.2,No,No,,
1809,357,BWW-CORP,1475,"LAS VEGAS MIRACLE MILE, NV 587",25,Bud Light,30,2018-05-15,22:40:00,23:00:00,25,-698.82,-89.59,No,No,,
1810,357,BWW-CORP,1475,"LAS VEGAS MIRACLE MILE, NV 587",85,Michelob Ultra,28,2018-05-15,01:20:00,01:40:00,75,-82.15,-47.26,No,No,,
1811,357,BWW-CORP,1475,"LAS VEGAS MIRACLE MILE, NV 587",59,Coors Light,1,2018-05-15,20:40:00,22:20:00,25,-734.32,-388.18,No,No,,
1812,357,BWW-CORP,1475,"LAS VEGAS MIRACLE MILE, NV 587",36906,Blue Moon Mango Wheat,9,2018-05-15,01:20:00,01:40:00,25,-31.74,-34.75,No,No,,
1813,357,BWW-CORP,1475,"LAS VEGAS MIRACLE MILE, NV 587",25,Bud Light,30,2018-05-15,17:00:00,17:20:00,25,-698.82,-73.57,No,No,,
1814,357,BWW-CORP,1475,"LAS VEGAS MIRACLE MILE, NV 587",917,Modelo Especial,13,2018-05-15,20:00:00,20:20:00,75,-159.23,-38.68,No,No,,
1815,357,BWW-CORP,1475,"LAS VEGAS MIRACLE MILE, NV 587",917,Modelo Especial,13,2018-05-15,22:00:00,22:20:00,75,-159.23,-62.21,No,No,,
1816,357,BWW-CORP,1475,"LAS VEGAS MIRACLE MILE, NV 587",85,Michelob Ultra,28,2018-05-15,19:40:00,20:00:00,75,-82.15,-34.32,No,No,,
1817,357,BWW-CORP,1475,"LAS VEGAS MIRACLE MILE, NV 587",25,Bud Light,30,2018-05-15,00:00:00,00:20:00,56.25,-698.82,-33.89,No,No,,
1818,357,BWW-CORP,1475,"LAS VEGAS MIRACLE MILE, NV 587",61,Budweiser,29,2018-05-15,20:40:00,21:00:00,75,-72.87,-48.77,No,No,,
1819,357,BWW-CORP,1555,"NORTH LAS VEGAS, NV 174",478,Miller Lite,4,2018-05-15,23:00:00,23:20:00,75,-90.59,-53.05,No,No,,
1820,357,BWW-CORP,1555,"NORTH LAS VEGAS, NV 174",25,Bud Light,1,2018-05-15,19:40:00,20:20:00,25,-576.2,-163.08,No,No,,
1821,357,BWW-CORP,1555,"NORTH LAS VEGAS, NV 174",917,Modelo Especial,8,2018-05-15,22:40:00,23:20:00,25,-1078.95,-208.99,No,No,,
1822,357,BWW-CORP,1555,"NORTH LAS VEGAS, NV 174",917,Modelo Especial,8,2018-05-15,22:00:00,22:20:00,25,-1078.95,-150.72,No,No,,
1823,357,BWW-CORP,1555,"NORTH LAS VEGAS, NV 174",917,Modelo Especial,8,2018-05-15,21:00:00,21:40:00,25,-1078.95,-163.88,No,No,,
1824,357,BWW-CORP,1555,"NORTH LAS VEGAS, NV 174",917,Modelo Especial,8,2018-05-15,04:20:00,04:40:00,50,-1078.95,-189.76,No,No,,
1825,357,BWW-CORP,1555,"NORTH LAS VEGAS, NV 174",917,Modelo Especial,8,2018-05-15,02:20:00,03:20:00,31.25,-1078.95,-73.72,No,No,,
1826,357,BWW-CORP,1555,"NORTH LAS VEGAS, NV 174",36,Blue Moon Belgian White,7,2018-05-15,23:00:00,23:40:00,25,-436.82,-153.88,No,No,,
1827,357,BWW-CORP,1555,"NORTH LAS VEGAS, NV 174",40,Heineken,23,2018-05-15,01:20:00,01:40:00,50,-107.68,-34.89,No,No,,
1828,357,BWW-CORP,1555,"NORTH LAS VEGAS, NV 174",85,Michelob Ultra,3,2018-05-15,01:40:00,02:00:00,43.75,-245.46,-40.04,No,No,,
1829,357,BWW-CORP,1555,"NORTH LAS VEGAS, NV 174",917,Modelo Especial,8,2018-05-15,00:40:00,01:00:00,31.25,-1078.95,-37.68,No,No,,
1830,357,BWW-CORP,1555,"NORTH LAS VEGAS, NV 174",85,Michelob Ultra,3,2018-05-15,22:20:00,23:40:00,74.17,-245.46,-134.92,No,No,,
1831,357,BWW-CORP,1555,"NORTH LAS VEGAS, NV 174",300,Pacifico,16,2018-05-15,19:20:00,19:40:00,73.75,-237.8,-35.39,No,No,,
1832,357,BWW-CORP,1555,"NORTH LAS VEGAS, NV 174",300,Pacifico,16,2018-05-15,22:00:00,23:20:00,74.58,-237.8,-128.56,No,No,,
1833,357,BWW-CORP,1555,"NORTH LAS VEGAS, NV 174",220,Dos Equis Lager Especial,15,2018-05-15,00:40:00,01:00:00,68.75,-234.02,-35.25,No,No,,
1834,357,BWW-CORP,1555,"NORTH LAS VEGAS, NV 174",61,Budweiser,2,2018-05-15,21:20:00,21:40:00,68.75,-201.86,-36.97,No,No,,
1835,357,BWW-CORP,1555,"NORTH LAS VEGAS, NV 174",917,Modelo Especial,8,2018-05-15,00:00:00,00:20:00,50,-1078.95,-73.08,No,No,,
1836,357,BWW-CORP,1555,"NORTH LAS VEGAS, NV 174",917,Modelo Especial,8,2018-05-15,01:20:00,01:40:00,31.25,-1078.95,-35.75,No,No,,
1837,357,BWW-CORP,1555,"NORTH LAS VEGAS, NV 174",917,Modelo Especial,8,2018-05-15,20:20:00,20:40:00,25,-1078.95,-76.22,No,No,,
1838,357,BWW-CORP,1610,"RHODES RANCH, NV 177",25,Bud Light,2,2018-05-15,17:40:00,18:00:00,25,-548.02,-69.85,No,No,,
1839,357,BWW-CORP,1610,"RHODES RANCH, NV 177",25,Bud Light,2,2018-05-15,00:00:00,00:20:00,31.25,-548.02,-37.54,No,No,,
1840,357,BWW-CORP,1610,"RHODES RANCH, NV 177",3,Samuel Adams Boston Lager,19,2018-05-15,13:20:00,13:40:00,75,-131.22,-30.32,No,No,,
1841,357,BWW-CORP,1610,"RHODES RANCH, NV 177",25,Bud Light,2,2018-05-15,18:40:00,19:00:00,25,-548.02,-71.64,No,No,,
1842,357,BWW-CORP,1610,"RHODES RANCH, NV 177",478,Miller Lite,4,2018-05-15,01:00:00,02:40:00,43.75,-108.81,-113.62,No,No,,
1843,357,BWW-CORP,1610,"RHODES RANCH, NV 177",2433,Ballast Point Sculpin IPA,26,2018-05-15,18:20:00,18:40:00,75,-261.47,-56.99,No,No,,
1844,357,BWW-CORP,1610,"RHODES RANCH, NV 177",2433,Ballast Point Sculpin IPA,26,2018-05-15,20:40:00,21:20:00,73.75,-261.47,-74.43,No,No,,
1845,357,BWW-CORP,1610,"RHODES RANCH, NV 177",52,Stella Artois,9,2018-05-15,20:20:00,20:40:00,73.75,-151.43,-38.25,No,No,,
1846,357,BWW-CORP,1610,"RHODES RANCH, NV 177",52,Stella Artois,9,2018-05-15,21:20:00,21:40:00,75,-151.43,-55.77,No,No,,
1847,357,BWW-CORP,1610,"RHODES RANCH, NV 177",59,Coors Light,5,2018-05-15,03:40:00,04:00:00,31.25,-410.33,-43.69,No,No,,
1848,357,BWW-CORP,1610,"RHODES RANCH, NV 177",2433,Ballast Point Sculpin IPA,26,2018-05-15,21:40:00,22:20:00,73.75,-261.47,-72.72,No,No,,
1849,357,BWW-CORP,1367,"FLAMINGO, NV 178",917,Modelo Especial,9,2018-05-15,03:40:00,04:00:00,37.5,-94.54,-38.4,No,No,,
1850,357,BWW-CORP,1367,"FLAMINGO, NV 178",199,Lagunitas IPA,15,2018-05-15,00:00:00,00:20:00,37.5,-81.02,-34.11,No,No,,
1851,357,BWW-CORP,1367,"FLAMINGO, NV 178",36906,Blue Moon Mango Wheat,16,2018-05-15,21:20:00,22:20:00,25,-399.55,-208.22,No,No,,
1852,357,BWW-CORP,1367,"FLAMINGO, NV 178",917,Modelo Especial,9,2018-05-15,22:00:00,22:20:00,62.5,-94.54,-36.4,No,No,,
1853,357,BWW-CORP,1367,"FLAMINGO, NV 178",3767,Elysian Space Dust IPA,14,2018-05-15,18:40:00,19:00:00,62.5,-165.59,-30.03,No,No,,
1854,357,BWW-CORP,1367,"FLAMINGO, NV 178",52,Stella Artois,5,2018-05-15,00:00:00,00:20:00,43.75,-179.11,-41.4,No,No,,
1855,357,BWW-CORP,1367,"FLAMINGO, NV 178",59,Coors Light,3,2018-05-15,21:20:00,23:00:00,56.25,-308.1,-106.69,No,No,,
1856,357,BWW-CORP,1367,"FLAMINGO, NV 178",52,Stella Artois,5,2018-05-15,21:20:00,22:20:00,68.75,-179.11,-119.76,No,No,,
1857,357,BWW-CORP,1367,"FLAMINGO, NV 178",478,Miller Lite,4,2018-05-15,18:20:00,21:20:00,74.25,-291.49,-217.35,No,No,,
1858,357,BWW-CORP,1367,"FLAMINGO, NV 178",61,Budweiser,1,2018-05-15,21:20:00,21:40:00,25,-335.03,-57.48,No,No,,
1859,357,BWW-CORP,1367,"FLAMINGO, NV 178",2532,Angry Orchard Crisp Apple Cider,13,2018-05-15,20:40:00,22:40:00,74.25,-351.14,-275.06,No,No,,
1860,357,BWW-CORP,1367,"FLAMINGO, NV 178",59,Coors Light,3,2018-05-15,15:20:00,20:00:00,58.33,-308.1,-130.91,No,No,,
1861,357,BWW-CORP,1367,"FLAMINGO, NV 178",25,Bud Light,2,2018-05-15,21:00:00,21:20:00,25,-532.43,-92.74,No,No,,
1862,357,BWW-CORP,1367,"FLAMINGO, NV 178",2532,Angry Orchard Crisp Apple Cider,13,2018-05-15,00:20:00,00:40:00,37.5,-351.14,-37.89,No,No,,
1863,357,BWW-CORP,1367,"FLAMINGO, NV 178",3,Samuel Adams Boston Lager,18,2018-05-15,19:20:00,19:40:00,62.5,-144.28,-33.46,No,No,,
1864,357,BWW-CORP,1367,"FLAMINGO, NV 178",25,Bud Light,2,2018-05-15,22:00:00,22:20:00,25,-532.43,-75.43,No,No,,
1865,357,BWW-CORP,1289,"CENTENNIAL LV, NV 180",199,Lagunitas IPA,9,2018-05-15,19:20:00,19:40:00,25,-209.73,-36.33,No,No,,
1866,357,BWW-CORP,1289,"CENTENNIAL LV, NV 180",85,Michelob Ultra,12,2018-05-15,21:40:00,22:00:00,73.75,-282.98,-38.33,No,No,,
1867,357,BWW-CORP,1289,"CENTENNIAL LV, NV 180",36,Blue Moon Belgian White,6,2018-05-15,21:00:00,21:20:00,25,-491.77,-77.73,No,No,,
1868,357,BWW-CORP,1289,"CENTENNIAL LV, NV 180",36,Blue Moon Belgian White,6,2018-05-15,01:00:00,01:20:00,37.5,-491.77,-45.05,No,No,,
1869,357,BWW-CORP,1289,"CENTENNIAL LV, NV 180",25,Bud Light,20,2018-05-15,22:40:00,23:00:00,73.75,-675.17,-33.53,No,No,,
1870,357,BWW-CORP,1289,"CENTENNIAL LV, NV 180",25,Bud Light,20,2018-05-15,21:40:00,22:20:00,25,-675.17,-262.97,No,No,,
1871,357,BWW-CORP,1289,"CENTENNIAL LV, NV 180",25,Bud Light,20,2018-05-15,21:00:00,21:20:00,73.75,-675.17,-35.75,No,No,,
1872,357,BWW-CORP,1289,"CENTENNIAL LV, NV 180",6102,Guinness Draught,8,2018-05-15,20:20:00,20:40:00,75,-93.53,-37.47,No,No,,
1873,357,BWW-CORP,1289,"CENTENNIAL LV, NV 180",61,Budweiser,19,2018-05-15,21:40:00,22:00:00,62.5,-95.53,-38.18,No,No,,
1874,357,BWW-CORP,1289,"CENTENNIAL LV, NV 180",3,Samuel Adams Boston Lager,3,2018-05-15,22:00:00,22:20:00,75,-105.75,-42.9,No,No,,
1875,357,BWW-CORP,1289,"CENTENNIAL LV, NV 180",59,Coors Light,18,2018-05-15,21:00:00,21:20:00,56.25,-192.55,-34.68,No,No,,
1876,357,BWW-CORP,1289,"CENTENNIAL LV, NV 180",59,Coors Light,18,2018-05-15,20:00:00,20:40:00,56.25,-192.55,-68.99,No,No,,
1877,357,BWW-CORP,1289,"CENTENNIAL LV, NV 180",59,Coors Light,18,2018-05-15,00:40:00,01:00:00,31.25,-192.55,-35.54,No,No,,
1878,357,BWW-CORP,1289,"CENTENNIAL LV, NV 180",59,Coors Light,18,2018-05-15,00:00:00,00:20:00,37.5,-192.55,-55.7,No,No,,
1879,357,BWW-CORP,1289,"CENTENNIAL LV, NV 180",917,Modelo Especial,1,2018-05-15,22:20:00,22:40:00,75,-387.65,-80.01,No,No,,
1880,357,BWW-CORP,1289,"CENTENNIAL LV, NV 180",917,Modelo Especial,1,2018-05-15,20:20:00,20:40:00,75,-387.65,-58.34,No,No,,
1881,357,BWW-CORP,1289,"CENTENNIAL LV, NV 180",85,Michelob Ultra,12,2018-05-15,23:00:00,23:40:00,74.38,-282.98,-97.16,No,No,,
1882,357,BWW-CORP,1289,"CENTENNIAL LV, NV 180",917,Modelo Especial,1,2018-05-15,00:00:00,01:00:00,37.5,-387.65,-113.61,No,No,,
1883,357,BWW-CORP,1289,"CENTENNIAL LV, NV 180",478,Miller Lite,16,2018-05-15,20:20:00,20:40:00,62.5,-225.51,-37.9,No,No,,
1884,357,BWW-CORP,1289,"CENTENNIAL LV, NV 180",199,Lagunitas IPA,9,2018-05-15,20:00:00,20:20:00,25,-209.73,-41.47,No,No,,
1885,357,BWW-CORP,1289,"CENTENNIAL LV, NV 180",220,Dos Equis Lager Especial,15,2018-05-15,14:40:00,15:00:00,75,-80.37,-40.47,No,No,,
1886,357,BWW-CORP,1289,"CENTENNIAL LV, NV 180",2532,Angry Orchard Crisp Apple Cider,17,2018-05-15,21:20:00,21:40:00,75,-188.91,-42.33,No,No,,
1887,357,BWW-CORP,1421,"HENDERSON, NV 175",3132,Kona Big Wave Golden Ale,21,2018-05-15,15:20:00,15:40:00,25,-59.99,-40.61,No,No,,
1888,357,BWW-CORP,1421,"HENDERSON, NV 175",47487,Goose Island V Formation Pale Ale,27,2018-05-15,14:40:00,15:40:00,74.17,-945.44,-928.27,No,Yes,,
1889,357,BWW-CORP,1421,"HENDERSON, NV 175",36,Blue Moon Belgian White,19,2018-05-15,20:40:00,21:00:00,75,-91.53,-57.28,No,No,,
1890,357,BWW-CORP,1421,"HENDERSON, NV 175",40,Heineken,28,2018-05-15,19:00:00,19:20:00,75,-146.37,-73.44,No,No,,
1891,357,BWW-CORP,1421,"HENDERSON, NV 175",36,Blue Moon Belgian White,19,2018-05-15,02:40:00,03:00:00,37.5,-91.53,-38.97,No,No,,
1892,357,BWW-CORP,1421,"HENDERSON, NV 175",49400,Stone Scorpion Bowl IPA,11,2018-05-15,14:20:00,15:00:00,75,-420.21,-380.38,No,Yes,,
1893,357,BWW-CORP,1421,"HENDERSON, NV 175",25,Bud Light,15,2018-05-15,21:40:00,22:00:00,62.5,-165.59,-36.18,No,No,,
1894,357,BWW-CORP,1421,"HENDERSON, NV 175",34182,Stone Ripper,25,2018-05-15,15:40:00,16:00:00,75,-81.66,-41.83,No,No,,
1895,357,BWW-CORP,1384,"GALLERIA, NV 176",40,Heineken,13,2018-05-15,15:00:00,15:20:00,68.75,-126.76,-34.32,No,No,,
1896,357,BWW-CORP,1384,"GALLERIA, NV 176",220,Dos Equis Lager Especial,9,2018-05-15,19:20:00,19:40:00,73.75,-315.39,-35.68,No,No,,
1897,357,BWW-CORP,1384,"GALLERIA, NV 176",220,Dos Equis Lager Especial,9,2018-05-15,21:00:00,22:00:00,75,-315.39,-107.68,No,No,,
1898,357,BWW-CORP,1384,"GALLERIA, NV 176",25,Bud Light,27,2018-05-15,00:00:00,00:20:00,31.25,-531.38,-36.25,No,No,,
1899,357,BWW-CORP,1384,"GALLERIA, NV 176",25,Bud Light,27,2018-05-15,00:40:00,01:00:00,37.5,-531.38,-42.33,No,No,,
1900,357,BWW-CORP,1384,"GALLERIA, NV 176",25,Bud Light,27,2018-05-15,21:00:00,21:20:00,25,-531.38,-59.13,No,No,,
1901,357,BWW-CORP,1384,"GALLERIA, NV 176",2532,Angry Orchard Crisp Apple Cider,10,2018-05-15,17:00:00,17:20:00,75,-127.27,-73.64,No,No,,
1902,357,BWW-CORP,1384,"GALLERIA, NV 176",36,Blue Moon Belgian White,3,2018-05-15,01:40:00,02:00:00,31.25,-272.83,-30.32,No,No,,
1903,357,BWW-CORP,1384,"GALLERIA, NV 176",36,Blue Moon Belgian White,3,2018-05-15,20:00:00,20:20:00,73.75,-272.83,-38.75,No,No,,
1904,357,BWW-CORP,1384,"GALLERIA, NV 176",36,Blue Moon Belgian White,3,2018-05-15,21:20:00,21:40:00,73.75,-272.83,-33.1,No,No,,
1905,357,BWW-CORP,1384,"GALLERIA, NV 176",85,Michelob Ultra,24,2018-05-15,21:40:00,22:00:00,73.75,-245.44,-38.53,No,No,,
1906,357,BWW-CORP,1384,"GALLERIA, NV 176",300,Pacifico,8,2018-05-15,22:00:00,22:20:00,75,-112.47,-36.68,No,No,,
1907,357,BWW-CORP,1384,"GALLERIA, NV 176",49444,Samuel Adams New England IPA,2,2018-05-15,20:40:00,21:00:00,25,-296.6,-39.4,No,No,,
1908,357,BWW-CORP,1384,"GALLERIA, NV 176",6102,Guinness Draught,15,2018-05-15,21:00:00,22:00:00,68.75,-146.22,-73.64,No,No,,
1909,357,BWW-CORP,1384,"GALLERIA, NV 176",85,Michelob Ultra,24,2018-05-15,19:00:00,21:20:00,74.38,-245.44,-95.59,No,No,,
1910,357,BWW-CORP,1384,"GALLERIA, NV 176",36,Blue Moon Belgian White,3,2018-05-15,22:00:00,23:20:00,74.17,-272.83,-134.71,No,No,,
1911,357,BWW-CORP,1384,"GALLERIA, NV 176",220,Dos Equis Lager Especial,9,2018-05-15,14:20:00,18:40:00,73.75,-315.39,-70.43,No,No,,
1912,357,BWW-CORP,1384,"GALLERIA, NV 176",40,Heineken,13,2018-05-15,21:40:00,22:00:00,68.75,-126.76,-36.89,No,No,,
1913,357,BWW-CORP,1384,"GALLERIA, NV 176",61,Budweiser,26,2018-05-15,22:00:00,22:20:00,75,-95.81,-37.68,No,No,,
1914,357,BWW-CORP,1384,"GALLERIA, NV 176",478,Miller Lite,5,2018-05-15,19:20:00,19:40:00,25,-494.05,-61.78,No,No,,
1915,357,BWW-CORP,1384,"GALLERIA, NV 176",478,Miller Lite,5,2018-05-15,16:20:00,16:40:00,25,-494.05,-57.84,No,No,,
1916,357,BWW-CORP,1384,"GALLERIA, NV 176",49444,Samuel Adams New England IPA,2,2018-05-15,20:00:00,20:20:00,25,-296.6,-41.54,No,No,,
1917,357,BWW-CORP,1384,"GALLERIA, NV 176",52,Stella Artois,16,2018-05-15,22:20:00,22:40:00,62.5,-118.12,-39.89,No,No,,
